file_accession	tier	file_set	donors	days	donor_days	content_type	file_format	size_bytes	md5sum	download_url	s3_uri
IGVFFI3689YXUC	processed	IGVFDS5076PIWR	C29	0	C29:0	alignments	bam	5023225992	585a5bdaffa453905c37a3ba271e2f20	https://api.data.igvf.org/alignment-files/IGVFFI3689YXUC/@@download/IGVFFI3689YXUC.bam	s3://igvf-public/2026/02/03/95c2640c-b5cc-452e-81e7-9f6be4b87db2/IGVFFI3689YXUC.bam
IGVFFI8355YEKZ	processed	IGVFDS5076PIWR	C29	0	C29:0	alignments	bam	39540574738	da059bed4077fd0b6f96d0aa0eb5fcec	https://api.data.igvf.org/alignment-files/IGVFFI8355YEKZ/@@download/IGVFFI8355YEKZ.bam	s3://igvf-public/2026/01/28/5d83af60-a6c8-4e09-9f6f-67118651d09a/IGVFFI8355YEKZ.bam
IGVFFI9133AYQQ	processed	IGVFDS5076PIWR	C29	0	C29:0	cell by bin methylation count matrix	h5ad	69745136	2bbd191f961d61335d90fc9113516edf	https://api.data.igvf.org/matrix-files/IGVFFI9133AYQQ/@@download/IGVFFI9133AYQQ.h5ad	s3://igvf-public/2026/01/28/8d2130ad-612f-412b-8055-72a1ff2b308f/IGVFFI9133AYQQ.h5ad
IGVFFI5191EJCX	processed	IGVFDS5076PIWR	C29	0	C29:0	cell by gene matrix	h5ad	43564360	8e828e1c05c7ff476c58134ac66a9d01	https://api.data.igvf.org/matrix-files/IGVFFI5191EJCX/@@download/IGVFFI5191EJCX.h5ad	s3://igvf-public/2026/01/28/b15d0d2e-73d1-4a28-8563-0400765b474e/IGVFFI5191EJCX.h5ad
IGVFFI9702HFXQ	processed	IGVFDS5076PIWR	C29	0	C29:0	cell by position methylation count matrix	h5ad	8999829192	fe498572defa297ea8d6527d72930c67	https://api.data.igvf.org/matrix-files/IGVFFI9702HFXQ/@@download/IGVFFI9702HFXQ.h5ad	s3://igvf-public/2026/02/17/3224ea0f-d55c-4c18-a337-80c5f8d471e9/IGVFFI9702HFXQ.h5ad
IGVFFI4972AOAZ	processed	IGVFDS5076PIWR	C29	0	C29:0	methylation counts	tsv	147712600	22992f14bb8c14e2836bfb8197c92bb7	https://api.data.igvf.org/tabular-files/IGVFFI4972AOAZ/@@download/IGVFFI4972AOAZ.tsv.gz	s3://igvf-public/2026/01/28/1df2758c-c777-458d-87ee-e65acceb5321/IGVFFI4972AOAZ.tsv.gz
IGVFFI8024ZQKH	processed	IGVFDS5076PIWR	C29	0	C29:0	per-cell quality report	tsv	697404	69d6a5f903d32c8b8b7a59d979dc61ff	https://api.data.igvf.org/tabular-files/IGVFFI8024ZQKH/@@download/IGVFFI8024ZQKH.tsv.gz	s3://igvf-public/2026/07/31/b45884c8-03db-46e4-95d1-572ecdb4f8c6/IGVFFI8024ZQKH.tsv.gz
IGVFFI2661ULFD	processed	IGVFDS8836DLQV	C29	12	C29:12	alignments	bam	6145820392	c5080206a898d4ffa8f9a9321a6f0c9d	https://api.data.igvf.org/alignment-files/IGVFFI2661ULFD/@@download/IGVFFI2661ULFD.bam	s3://igvf-public/2026/02/03/0b30b5fe-2ecb-4125-b9d8-581392043c37/IGVFFI2661ULFD.bam
IGVFFI5178FZXL	processed	IGVFDS8836DLQV	C29	12	C29:12	alignments	bam	43659357771	3b05c210f5046a1b2e7e8a2741d851ee	https://api.data.igvf.org/alignment-files/IGVFFI5178FZXL/@@download/IGVFFI5178FZXL.bam	s3://igvf-public/2026/01/28/926642d3-f312-4129-965c-e3cedddb8f33/IGVFFI5178FZXL.bam
IGVFFI7181BQAE	processed	IGVFDS8836DLQV	C29	12	C29:12	cell by bin methylation count matrix	h5ad	62494560	9fa9efef66f6b3df8131089038a5a241	https://api.data.igvf.org/matrix-files/IGVFFI7181BQAE/@@download/IGVFFI7181BQAE.h5ad	s3://igvf-public/2026/01/28/cf9c6c07-883c-458a-a690-5ee694b92a23/IGVFFI7181BQAE.h5ad
IGVFFI3986ETKZ	processed	IGVFDS8836DLQV	C29	12	C29:12	cell by gene matrix	h5ad	42609736	5f87f23cd735156310134c979f5acd9c	https://api.data.igvf.org/matrix-files/IGVFFI3986ETKZ/@@download/IGVFFI3986ETKZ.h5ad	s3://igvf-public/2026/01/28/da366d57-d4f5-482c-aec5-e3d794eb7c13/IGVFFI3986ETKZ.h5ad
IGVFFI4994MYKE	processed	IGVFDS8836DLQV	C29	12	C29:12	cell by position methylation count matrix	h5ad	10152334872	bfbf1a4f2c06fc9b642bb3d95426c4cc	https://api.data.igvf.org/matrix-files/IGVFFI4994MYKE/@@download/IGVFFI4994MYKE.h5ad	s3://igvf-public/2026/02/17/aa674e67-5507-4325-a496-c29aa84e2423/IGVFFI4994MYKE.h5ad
IGVFFI5692YDAG	processed	IGVFDS8836DLQV	C29	12	C29:12	methylation counts	tsv	150342368	03b46cf0fb146900f0cfbc150f10891b	https://api.data.igvf.org/tabular-files/IGVFFI5692YDAG/@@download/IGVFFI5692YDAG.tsv.gz	s3://igvf-public/2026/01/28/88ee43b9-8319-4ed8-8d4b-35dd19de81ea/IGVFFI5692YDAG.tsv.gz
IGVFFI3365YUAW	processed	IGVFDS8836DLQV	C29	12	C29:12	per-cell quality report	tsv	767566	32bbd0b1d9f04906bd89888d819db3df	https://api.data.igvf.org/tabular-files/IGVFFI3365YUAW/@@download/IGVFFI3365YUAW.tsv.gz	s3://igvf-public/2026/07/31/454139c9-635b-4a56-92f2-c0d55520a1cd/IGVFFI3365YUAW.tsv.gz
IGVFFI3692UNWC	processed	IGVFDS9484BLBL	C29	14	C29:14	alignments	bam	40526657844	d910f7ba02be3388f70c1b59cf9aaaf5	https://api.data.igvf.org/alignment-files/IGVFFI3692UNWC/@@download/IGVFFI3692UNWC.bam	s3://igvf-public/2026/01/28/639dc94e-6c1f-436d-887e-1ae35645d29c/IGVFFI3692UNWC.bam
IGVFFI5696NKHC	processed	IGVFDS9484BLBL	C29	14	C29:14	alignments	bam	1619582589	5aa1544d283b749774e3d70399fd9401	https://api.data.igvf.org/alignment-files/IGVFFI5696NKHC/@@download/IGVFFI5696NKHC.bam	s3://igvf-public/2026/02/03/eb7c8266-bad0-459a-b7a2-0e214072f0b3/IGVFFI5696NKHC.bam
IGVFFI8012HWPD	processed	IGVFDS9484BLBL	C29	14	C29:14	cell by bin methylation count matrix	h5ad	13912256	dec7a8d8ed7b74414203528ccb7f8bad	https://api.data.igvf.org/matrix-files/IGVFFI8012HWPD/@@download/IGVFFI8012HWPD.h5ad	s3://igvf-public/2026/01/28/033ec46f-6ced-44b0-9093-85752a660879/IGVFFI8012HWPD.h5ad
IGVFFI8374SUVQ	processed	IGVFDS9484BLBL	C29	14	C29:14	cell by gene matrix	h5ad	12854992	af15f513ea4cea4654beda18a04635b9	https://api.data.igvf.org/matrix-files/IGVFFI8374SUVQ/@@download/IGVFFI8374SUVQ.h5ad	s3://igvf-public/2026/01/28/588e8971-9fd0-434a-b262-29d7de65c480/IGVFFI8374SUVQ.h5ad
IGVFFI9093VHWC	processed	IGVFDS9484BLBL	C29	14	C29:14	cell by position methylation count matrix	h5ad	9522883160	edc24b7a4d5c723343a9e4baf9f42828	https://api.data.igvf.org/matrix-files/IGVFFI9093VHWC/@@download/IGVFFI9093VHWC.h5ad	s3://igvf-public/2026/02/17/a9cf39a6-cf0f-4015-aec4-1879ce892233/IGVFFI9093VHWC.h5ad
IGVFFI1278KEDL	processed	IGVFDS9484BLBL	C29	14	C29:14	methylation counts	tsv	149143151	552f12be5d18ab3f2e3b4251edfce3a4	https://api.data.igvf.org/tabular-files/IGVFFI1278KEDL/@@download/IGVFFI1278KEDL.tsv.gz	s3://igvf-public/2026/01/28/0d3a0d15-0fa8-49b2-a213-977892311cc1/IGVFFI1278KEDL.tsv.gz
IGVFFI6000XMAE	processed	IGVFDS9484BLBL	C29	14	C29:14	per-cell quality report	tsv	729469	933ff0910a9831a968acb32319812f26	https://api.data.igvf.org/tabular-files/IGVFFI6000XMAE/@@download/IGVFFI6000XMAE.tsv.gz	s3://igvf-public/2026/07/31/74bb59f2-7df8-4a5d-9472-d916869c4a4e/IGVFFI6000XMAE.tsv.gz
IGVFFI1723GBGF	processed	IGVFDS4203PZOT	C29	16	C29:16	alignments	bam	8661765664	1a83d30b04c8fce384c3ee613f46cef5	https://api.data.igvf.org/alignment-files/IGVFFI1723GBGF/@@download/IGVFFI1723GBGF.bam	s3://igvf-public/2026/02/03/2de366fa-d487-4e1a-8458-d646bd1a88f8/IGVFFI1723GBGF.bam
IGVFFI5165XXQI	processed	IGVFDS4203PZOT	C29	16	C29:16	alignments	bam	47505264835	f35d2c8d05443f3074a96345ca72f32e	https://api.data.igvf.org/alignment-files/IGVFFI5165XXQI/@@download/IGVFFI5165XXQI.bam	s3://igvf-public/2026/01/28/8f51b9a2-c081-45c3-9836-78f3d0c83146/IGVFFI5165XXQI.bam
IGVFFI0881TXSM	processed	IGVFDS4203PZOT	C29	16	C29:16	cell by bin methylation count matrix	h5ad	55246032	f0bdeb7c189b025a36317860cb75caa7	https://api.data.igvf.org/matrix-files/IGVFFI0881TXSM/@@download/IGVFFI0881TXSM.h5ad	s3://igvf-public/2026/01/28/295ce86c-d35a-4c39-9726-66109013520f/IGVFFI0881TXSM.h5ad
IGVFFI7553XHSV	processed	IGVFDS4203PZOT	C29	16	C29:16	cell by gene matrix	h5ad	41877792	351ddfeaf76c4ce6e84bf2aee79ba6e8	https://api.data.igvf.org/matrix-files/IGVFFI7553XHSV/@@download/IGVFFI7553XHSV.h5ad	s3://igvf-public/2026/01/28/7b742a84-3197-4676-b27c-a24c84657620/IGVFFI7553XHSV.h5ad
IGVFFI3491ZSGW	processed	IGVFDS4203PZOT	C29	16	C29:16	cell by position methylation count matrix	h5ad	11212477952	d0ed78de516dbc57d63544870bf19b1b	https://api.data.igvf.org/matrix-files/IGVFFI3491ZSGW/@@download/IGVFFI3491ZSGW.h5ad	s3://igvf-public/2026/02/17/68a9eef3-840d-4b76-b9c6-db4ee2151c34/IGVFFI3491ZSGW.h5ad
IGVFFI6076AJNN	processed	IGVFDS4203PZOT	C29	16	C29:16	methylation counts	tsv	151859491	a7a8869deb4e2cfeb8f2d83cd379baea	https://api.data.igvf.org/tabular-files/IGVFFI6076AJNN/@@download/IGVFFI6076AJNN.tsv.gz	s3://igvf-public/2026/01/28/ad2684d2-ca70-47ba-b9d5-70c3353729a5/IGVFFI6076AJNN.tsv.gz
IGVFFI8493GEQR	processed	IGVFDS4203PZOT	C29	16	C29:16	per-cell quality report	tsv	735952	fc80b1971c207cffc607f9dfceda30b5	https://api.data.igvf.org/tabular-files/IGVFFI8493GEQR/@@download/IGVFFI8493GEQR.tsv.gz	s3://igvf-public/2026/07/31/104cbb15-bb0d-4cdb-bb92-9ff288967089/IGVFFI8493GEQR.tsv.gz
IGVFFI4100QOBT	processed	IGVFDS5336OSRG	C29	18	C29:18	alignments	bam	6433998850	a7c57678d0903c728d5b439e5f722139	https://api.data.igvf.org/alignment-files/IGVFFI4100QOBT/@@download/IGVFFI4100QOBT.bam	s3://igvf-public/2026/02/03/deb5c727-9a31-4008-8b38-cf0a08650106/IGVFFI4100QOBT.bam
IGVFFI8002HDXA	processed	IGVFDS5336OSRG	C29	18	C29:18	alignments	bam	51094376296	b28c2481a6f1137c4fb56a7f754f5c86	https://api.data.igvf.org/alignment-files/IGVFFI8002HDXA/@@download/IGVFFI8002HDXA.bam	s3://igvf-public/2026/01/28/c833795b-0e05-4a1a-9eba-9e45b208001f/IGVFFI8002HDXA.bam
IGVFFI4164SYTP	processed	IGVFDS5336OSRG	C29	18	C29:18	cell by bin methylation count matrix	h5ad	57317040	ee0d78edc318d51ef9ca4234e5a077fa	https://api.data.igvf.org/matrix-files/IGVFFI4164SYTP/@@download/IGVFFI4164SYTP.h5ad	s3://igvf-public/2026/01/28/f08dbffa-f8f4-4af9-a3b6-c7aae397a82b/IGVFFI4164SYTP.h5ad
IGVFFI0471NXWI	processed	IGVFDS5336OSRG	C29	18	C29:18	cell by gene matrix	h5ad	41236352	323e1f90ab51341af44e87284717dba9	https://api.data.igvf.org/matrix-files/IGVFFI0471NXWI/@@download/IGVFFI0471NXWI.h5ad	s3://igvf-public/2026/01/28/3f01c3f0-47e7-48e4-9d9b-fb3df6a7b999/IGVFFI0471NXWI.h5ad
IGVFFI3171MPIX	processed	IGVFDS5336OSRG	C29	18	C29:18	cell by position methylation count matrix	h5ad	12279666176	4b92bc946992c6b7ba0821a79bf13f63	https://api.data.igvf.org/matrix-files/IGVFFI3171MPIX/@@download/IGVFFI3171MPIX.h5ad	s3://igvf-public/2026/02/17/a7bd14e6-b8f7-4d48-875a-c4a0a827fd33/IGVFFI3171MPIX.h5ad
IGVFFI6287DYDB	processed	IGVFDS5336OSRG	C29	18	C29:18	methylation counts	tsv	153680007	6e43bcf607b2b85a98b2282ecd43574c	https://api.data.igvf.org/tabular-files/IGVFFI6287DYDB/@@download/IGVFFI6287DYDB.tsv.gz	s3://igvf-public/2026/01/28/5f18002e-c075-4364-85bd-0713d1e58fec/IGVFFI6287DYDB.tsv.gz
IGVFFI0251VHWB	processed	IGVFDS5336OSRG	C29	18	C29:18	per-cell quality report	tsv	807549	31cc21e08c721dc207599c338e1e201a	https://api.data.igvf.org/tabular-files/IGVFFI0251VHWB/@@download/IGVFFI0251VHWB.tsv.gz	s3://igvf-public/2026/07/31/79587712-a7ed-408e-a54c-234450d0b1e4/IGVFFI0251VHWB.tsv.gz
IGVFFI5102VJJW	processed	IGVFDS5629RAMC	C29	1	C29:1	alignments	bam	5076374294	92a386bed10a6f72c178becf38ae774a	https://api.data.igvf.org/alignment-files/IGVFFI5102VJJW/@@download/IGVFFI5102VJJW.bam	s3://igvf-public/2026/02/03/f82f41a7-986d-48eb-8b47-8e8b77d84c38/IGVFFI5102VJJW.bam
IGVFFI8289AAEW	processed	IGVFDS5629RAMC	C29	1	C29:1	alignments	bam	42700455720	801e9562246cdbe451c6b216683fb6d0	https://api.data.igvf.org/alignment-files/IGVFFI8289AAEW/@@download/IGVFFI8289AAEW.bam	s3://igvf-public/2026/01/28/f005ca42-bc9e-4807-a10b-8c40b6e1e0c1/IGVFFI8289AAEW.bam
IGVFFI6692XVBC	processed	IGVFDS5629RAMC	C29	1	C29:1	cell by bin methylation count matrix	h5ad	79179744	f60b05f120703627e57bcdc749ddb47f	https://api.data.igvf.org/matrix-files/IGVFFI6692XVBC/@@download/IGVFFI6692XVBC.h5ad	s3://igvf-public/2026/01/28/08cc3ab3-7680-40cc-aaea-3d9b9be02c2c/IGVFFI6692XVBC.h5ad
IGVFFI8020VXSS	processed	IGVFDS5629RAMC	C29	1	C29:1	cell by gene matrix	h5ad	47946852	efdac50223931b0c99edf62b4c109526	https://api.data.igvf.org/matrix-files/IGVFFI8020VXSS/@@download/IGVFFI8020VXSS.h5ad	s3://igvf-public/2026/01/28/40d502d6-e27b-48ae-8305-e697422c0651/IGVFFI8020VXSS.h5ad
IGVFFI7125AWDK	processed	IGVFDS5629RAMC	C29	1	C29:1	cell by position methylation count matrix	h5ad	9996621336	40bb6f4c5bcb472c069888654eb78ad0	https://api.data.igvf.org/matrix-files/IGVFFI7125AWDK/@@download/IGVFFI7125AWDK.h5ad	s3://igvf-public/2026/02/17/fec1bd0c-76ae-4555-a1ec-b601e7264dd2/IGVFFI7125AWDK.h5ad
IGVFFI1874AAKO	processed	IGVFDS5629RAMC	C29	1	C29:1	methylation counts	tsv	149991711	cba4087aeb0e1835e6399835a48fe34e	https://api.data.igvf.org/tabular-files/IGVFFI1874AAKO/@@download/IGVFFI1874AAKO.tsv.gz	s3://igvf-public/2026/01/28/f85767fd-7ce5-4f81-8746-d756ce1a5df5/IGVFFI1874AAKO.tsv.gz
IGVFFI1629DTYF	processed	IGVFDS5629RAMC	C29	1	C29:1	per-cell quality report	tsv	780666	e476d8f4253eba1d90bf5fb26f3eb444	https://api.data.igvf.org/tabular-files/IGVFFI1629DTYF/@@download/IGVFFI1629DTYF.tsv.gz	s3://igvf-public/2026/07/31/8a4f767d-4900-466f-b0d1-b9104c35fa53/IGVFFI1629DTYF.tsv.gz
IGVFFI5026KXBB	processed	IGVFDS5790CRPV	C29	3	C29:3	alignments	bam	4865546155	997d0a64dd6aed958d15c67dda5b18f9	https://api.data.igvf.org/alignment-files/IGVFFI5026KXBB/@@download/IGVFFI5026KXBB.bam	s3://igvf-public/2026/02/03/ecc99ee2-9229-442f-aec3-46cc4cefa36f/IGVFFI5026KXBB.bam
IGVFFI8423MGFS	processed	IGVFDS5790CRPV	C29	3	C29:3	alignments	bam	50368264921	47b84348f26961bacf687c25a9bed164	https://api.data.igvf.org/alignment-files/IGVFFI8423MGFS/@@download/IGVFFI8423MGFS.bam	s3://igvf-public/2026/01/28/28d04ea7-cec5-4e0c-99d8-40e75e5b7ebf/IGVFFI8423MGFS.bam
IGVFFI2621QIQV	processed	IGVFDS5790CRPV	C29	3	C29:3	cell by bin methylation count matrix	h5ad	75843104	02568bbbec054babd7c42d99a4d6e6f6	https://api.data.igvf.org/matrix-files/IGVFFI2621QIQV/@@download/IGVFFI2621QIQV.h5ad	s3://igvf-public/2026/01/28/6d0d9456-85a7-4d4a-b470-357649f5a644/IGVFFI2621QIQV.h5ad
IGVFFI3554KENJ	processed	IGVFDS5790CRPV	C29	3	C29:3	cell by gene matrix	h5ad	47522140	b53a98db69245af0b1b8ff74edb568fd	https://api.data.igvf.org/matrix-files/IGVFFI3554KENJ/@@download/IGVFFI3554KENJ.h5ad	s3://igvf-public/2026/01/28/83cbbb14-5e81-4beb-aeaa-6b1a72ac3e43/IGVFFI3554KENJ.h5ad
IGVFFI7422SJLM	processed	IGVFDS5790CRPV	C29	3	C29:3	cell by position methylation count matrix	h5ad	11888219648	7e1840cd2cdf1d54148722f279a18d3a	https://api.data.igvf.org/matrix-files/IGVFFI7422SJLM/@@download/IGVFFI7422SJLM.h5ad	s3://igvf-public/2026/02/17/ff86029d-2714-42da-bf17-ff47e57247b6/IGVFFI7422SJLM.h5ad
IGVFFI9904TNHZ	processed	IGVFDS5790CRPV	C29	3	C29:3	methylation counts	tsv	153371338	3dcd7e510dd02e7fc911f5611236b8c4	https://api.data.igvf.org/tabular-files/IGVFFI9904TNHZ/@@download/IGVFFI9904TNHZ.tsv.gz	s3://igvf-public/2026/01/28/db09279a-7d8e-4a2c-9c94-780201e48c90/IGVFFI9904TNHZ.tsv.gz
IGVFFI4964VMOZ	processed	IGVFDS5790CRPV	C29	3	C29:3	per-cell quality report	tsv	787143	f7b0ae60b9162b266a09625b1a108077	https://api.data.igvf.org/tabular-files/IGVFFI4964VMOZ/@@download/IGVFFI4964VMOZ.tsv.gz	s3://igvf-public/2026/07/31/f68dcd9d-0080-4c8a-bd21-3c330d89430b/IGVFFI4964VMOZ.tsv.gz
IGVFFI8416CQCR	processed	IGVFDS5697ZEJD	C29	5	C29:5	alignments	bam	40423958691	d29860d7dc3b384ecd0dedd97b4e1ae9	https://api.data.igvf.org/alignment-files/IGVFFI8416CQCR/@@download/IGVFFI8416CQCR.bam	s3://igvf-public/2026/01/28/aff5757e-778d-41dd-89d5-a09e1a01e6a2/IGVFFI8416CQCR.bam
IGVFFI9752LXNW	processed	IGVFDS5697ZEJD	C29	5	C29:5	alignments	bam	5932105643	2466762f399e1631edc4102f4c9dd4e7	https://api.data.igvf.org/alignment-files/IGVFFI9752LXNW/@@download/IGVFFI9752LXNW.bam	s3://igvf-public/2026/02/03/8197ce7c-672d-4d15-b7d2-cde25ba3d9a1/IGVFFI9752LXNW.bam
IGVFFI1893NQLB	processed	IGVFDS5697ZEJD	C29	5	C29:5	cell by bin methylation count matrix	h5ad	59963328	d8cfe7b85d20290bc3adaabb3cace6ff	https://api.data.igvf.org/matrix-files/IGVFFI1893NQLB/@@download/IGVFFI1893NQLB.h5ad	s3://igvf-public/2026/01/28/e2d1c83f-a8d0-459f-9118-29ff32f7c839/IGVFFI1893NQLB.h5ad
IGVFFI1551NTHT	processed	IGVFDS5697ZEJD	C29	5	C29:5	cell by gene matrix	h5ad	40433448	562473e678c20ab1c24b47cedeaaa6de	https://api.data.igvf.org/matrix-files/IGVFFI1551NTHT/@@download/IGVFFI1551NTHT.h5ad	s3://igvf-public/2026/01/28/f3fdcce4-ea00-4f5a-93c8-701fe45ec6a9/IGVFFI1551NTHT.h5ad
IGVFFI9802AJLG	processed	IGVFDS5697ZEJD	C29	5	C29:5	cell by position methylation count matrix	h5ad	9105800472	f29887ff101255dbd540ba5e63de1f42	https://api.data.igvf.org/matrix-files/IGVFFI9802AJLG/@@download/IGVFFI9802AJLG.h5ad	s3://igvf-public/2026/02/17/1cfa6141-c1d2-4430-977f-c8a9d99be5e5/IGVFFI9802AJLG.h5ad
IGVFFI3424WZQU	processed	IGVFDS5697ZEJD	C29	5	C29:5	methylation counts	tsv	148133252	554c414496d22bc92b4b84aa45295350	https://api.data.igvf.org/tabular-files/IGVFFI3424WZQU/@@download/IGVFFI3424WZQU.tsv.gz	s3://igvf-public/2026/01/28/7ef3943f-2d04-4397-96d6-ac5185b7a836/IGVFFI3424WZQU.tsv.gz
IGVFFI8404BQEZ	processed	IGVFDS5697ZEJD	C29	5	C29:5	per-cell quality report	tsv	710415	d88d98e86c4b6fe80703fcd8344dc484	https://api.data.igvf.org/tabular-files/IGVFFI8404BQEZ/@@download/IGVFFI8404BQEZ.tsv.gz	s3://igvf-public/2026/07/31/4fcf8e26-442e-4668-90ec-00199d2d36d8/IGVFFI8404BQEZ.tsv.gz
IGVFFI1265VZPW	processed	IGVFDS5404QHJZ	C29	7	C29:7	alignments	bam	5586802145	39539a64284c5acfc9825dc5f62a8173	https://api.data.igvf.org/alignment-files/IGVFFI1265VZPW/@@download/IGVFFI1265VZPW.bam	s3://igvf-public/2026/02/03/338f8077-cc85-457f-8b21-e1b69c357f0e/IGVFFI1265VZPW.bam
IGVFFI4323MNJD	processed	IGVFDS5404QHJZ	C29	7	C29:7	alignments	bam	48938797674	79d29fb38c4fff2ab09faff0166a932e	https://api.data.igvf.org/alignment-files/IGVFFI4323MNJD/@@download/IGVFFI4323MNJD.bam	s3://igvf-public/2026/01/28/e03c23c8-3675-44de-82f0-b1f685fe4f89/IGVFFI4323MNJD.bam
IGVFFI8361HDKV	processed	IGVFDS5404QHJZ	C29	7	C29:7	cell by bin methylation count matrix	h5ad	69630080	7f843cbb347be92c7e48fe26fd4d837f	https://api.data.igvf.org/matrix-files/IGVFFI8361HDKV/@@download/IGVFFI8361HDKV.h5ad	s3://igvf-public/2026/01/28/4a54509d-5bf9-430d-bf3d-dccee257ce0e/IGVFFI8361HDKV.h5ad
IGVFFI2178LDOE	processed	IGVFDS5404QHJZ	C29	7	C29:7	cell by gene matrix	h5ad	43662088	d2ef565dc0dbf61216a69b8333d349ea	https://api.data.igvf.org/matrix-files/IGVFFI2178LDOE/@@download/IGVFFI2178LDOE.h5ad	s3://igvf-public/2026/01/28/11f0d4bb-64fd-4a56-8ae2-8750864991fb/IGVFFI2178LDOE.h5ad
IGVFFI8100ZTBP	processed	IGVFDS5404QHJZ	C29	7	C29:7	cell by position methylation count matrix	h5ad	11368551912	4fc3f297838e1fbfcd8d5bd26fd7c450	https://api.data.igvf.org/matrix-files/IGVFFI8100ZTBP/@@download/IGVFFI8100ZTBP.h5ad	s3://igvf-public/2026/02/17/2cfdb4ff-5961-48be-9203-02d3e3b1020c/IGVFFI8100ZTBP.h5ad
IGVFFI5975VTKT	processed	IGVFDS5404QHJZ	C29	7	C29:7	methylation counts	tsv	152657577	af8010051a39ffcfd193e7e619e4aed2	https://api.data.igvf.org/tabular-files/IGVFFI5975VTKT/@@download/IGVFFI5975VTKT.tsv.gz	s3://igvf-public/2026/01/28/a05de9b0-2e1c-4539-a4de-1956e73b8450/IGVFFI5975VTKT.tsv.gz
IGVFFI2988ETUM	processed	IGVFDS5404QHJZ	C29	7	C29:7	per-cell quality report	tsv	793410	c369200a4fc49adaaa953c33ed072dd2	https://api.data.igvf.org/tabular-files/IGVFFI2988ETUM/@@download/IGVFFI2988ETUM.tsv.gz	s3://igvf-public/2026/07/31/9bba0064-d872-43b5-85fd-f7ecbbaedc24/IGVFFI2988ETUM.tsv.gz
IGVFFI3117GLPF	processed	IGVFDS2964JMRV	C29	9	C29:9	alignments	bam	2638065336	f7a41bcc454c29cad354fba49dc8229b	https://api.data.igvf.org/alignment-files/IGVFFI3117GLPF/@@download/IGVFFI3117GLPF.bam	s3://igvf-public/2026/02/03/c2a65541-414c-443e-b6fa-330feb8cce1e/IGVFFI3117GLPF.bam
IGVFFI8922JIUZ	processed	IGVFDS2964JMRV	C29	9	C29:9	alignments	bam	43271423920	afe0cc8855fd558cab8b8f270e28fa8a	https://api.data.igvf.org/alignment-files/IGVFFI8922JIUZ/@@download/IGVFFI8922JIUZ.bam	s3://igvf-public/2026/01/28/df450917-0e35-4347-a75b-634259a34545/IGVFFI8922JIUZ.bam
IGVFFI0404YYEU	processed	IGVFDS2964JMRV	C29	9	C29:9	cell by bin methylation count matrix	h5ad	66063344	b505da3235828d770109897d672dd4a5	https://api.data.igvf.org/matrix-files/IGVFFI0404YYEU/@@download/IGVFFI0404YYEU.h5ad	s3://igvf-public/2026/01/28/86eae048-16f5-449b-b8ff-ac1f4615d4f9/IGVFFI0404YYEU.h5ad
IGVFFI9365HQYR	processed	IGVFDS2964JMRV	C29	9	C29:9	cell by gene matrix	h5ad	39858124	069be9de69beeb67c208af186ba7a009	https://api.data.igvf.org/matrix-files/IGVFFI9365HQYR/@@download/IGVFFI9365HQYR.h5ad	s3://igvf-public/2026/01/28/4eb3c90f-6050-4af3-8f1f-5d2d3da677fa/IGVFFI9365HQYR.h5ad
IGVFFI3820ARGM	processed	IGVFDS2964JMRV	C29	9	C29:9	cell by position methylation count matrix	h5ad	10147309688	7af5ff47c2f9bccc120b79053dc4e322	https://api.data.igvf.org/matrix-files/IGVFFI3820ARGM/@@download/IGVFFI3820ARGM.h5ad	s3://igvf-public/2026/02/17/a1517e51-725d-4e3a-9251-194d8bdee74d/IGVFFI3820ARGM.h5ad
IGVFFI8500ERJH	processed	IGVFDS2964JMRV	C29	9	C29:9	methylation counts	tsv	149986534	595c6fad1b9bba773a0fd6f58555d454	https://api.data.igvf.org/tabular-files/IGVFFI8500ERJH/@@download/IGVFFI8500ERJH.tsv.gz	s3://igvf-public/2026/01/28/0a21a43d-3638-477e-b112-98fb0ecdc68f/IGVFFI8500ERJH.tsv.gz
IGVFFI3398NGSR	processed	IGVFDS2964JMRV	C29	9	C29:9	per-cell quality report	tsv	754897	152660568fba5308f27bead99aab0463	https://api.data.igvf.org/tabular-files/IGVFFI3398NGSR/@@download/IGVFFI3398NGSR.tsv.gz	s3://igvf-public/2026/07/31/9cfedc2b-f2be-4884-87cb-61e5db7c956d/IGVFFI3398NGSR.tsv.gz
IGVFFI3342YPIH	processed	IGVFDS7602EINC	C37	0	C37:0	alignments	bam	4145609341	3ecb468f0215bda28fc98e5b9e01d1a6	https://api.data.igvf.org/alignment-files/IGVFFI3342YPIH/@@download/IGVFFI3342YPIH.bam	s3://igvf-public/2026/02/03/82857dd4-e150-43e4-b048-180453586a18/IGVFFI3342YPIH.bam
IGVFFI8998WZMW	processed	IGVFDS7602EINC	C37	0	C37:0	alignments	bam	43659177995	8924148ecc46ef13f82fe796725d63bd	https://api.data.igvf.org/alignment-files/IGVFFI8998WZMW/@@download/IGVFFI8998WZMW.bam	s3://igvf-public/2026/01/28/e3180794-d566-4086-9a28-04ac5a07f869/IGVFFI8998WZMW.bam
IGVFFI3822VPLO	processed	IGVFDS7602EINC	C37	0	C37:0	cell by bin methylation count matrix	h5ad	67559072	3752174db1010544a4a87ad4c207c594	https://api.data.igvf.org/matrix-files/IGVFFI3822VPLO/@@download/IGVFFI3822VPLO.h5ad	s3://igvf-public/2026/01/28/4342d5b8-f6b8-4973-bcf0-ae7a344003f3/IGVFFI3822VPLO.h5ad
IGVFFI0894SMER	processed	IGVFDS7602EINC	C37	0	C37:0	cell by gene matrix	h5ad	43402548	3c536e89610a3130c10432d70702eb6a	https://api.data.igvf.org/matrix-files/IGVFFI0894SMER/@@download/IGVFFI0894SMER.h5ad	s3://igvf-public/2026/01/28/c8af8fa9-2ae6-4d29-91df-985c204b2380/IGVFFI0894SMER.h5ad
IGVFFI2996ISYA	processed	IGVFDS7602EINC	C37	0	C37:0	cell by position methylation count matrix	h5ad	10752021872	ff9c5f5ac2b1221496515aa5e38cec36	https://api.data.igvf.org/matrix-files/IGVFFI2996ISYA/@@download/IGVFFI2996ISYA.h5ad	s3://igvf-public/2026/02/17/e4607c13-6dca-4081-a7c3-12d4abb5fac0/IGVFFI2996ISYA.h5ad
IGVFFI8176ZQIN	processed	IGVFDS7602EINC	C37	0	C37:0	methylation counts	tsv	150888621	e315334fbe4b2430625a3480d1e47938	https://api.data.igvf.org/tabular-files/IGVFFI8176ZQIN/@@download/IGVFFI8176ZQIN.tsv.gz	s3://igvf-public/2026/01/28/15a9eebd-aaa5-4f70-8190-e4f8e19b74bd/IGVFFI8176ZQIN.tsv.gz
IGVFFI1264TNNY	processed	IGVFDS7602EINC	C37	0	C37:0	per-cell quality report	tsv	667239	148ac30f5e4b5215a92cce672aadfcb1	https://api.data.igvf.org/tabular-files/IGVFFI1264TNNY/@@download/IGVFFI1264TNNY.tsv.gz	s3://igvf-public/2026/07/31/480e715a-751d-4f69-8b0c-51af3dbc1e4d/IGVFFI1264TNNY.tsv.gz
IGVFFI6281TKPX	processed	IGVFDS9888FLFE	C37	12	C37:12	alignments	bam	38281485937	919cf326a2c10908e0b153611e5776a0	https://api.data.igvf.org/alignment-files/IGVFFI6281TKPX/@@download/IGVFFI6281TKPX.bam	s3://igvf-public/2026/01/28/29639748-f19d-4d43-ada3-1a340602958f/IGVFFI6281TKPX.bam
IGVFFI6420CPOW	processed	IGVFDS9888FLFE	C37	12	C37:12	alignments	bam	6226746921	94819df6d495c7f2c3b0d5fbefd3d78e	https://api.data.igvf.org/alignment-files/IGVFFI6420CPOW/@@download/IGVFFI6420CPOW.bam	s3://igvf-public/2026/02/03/501224c7-8485-47c4-9bc9-b6f21d166097/IGVFFI6420CPOW.bam
IGVFFI7044GGFE	processed	IGVFDS9888FLFE	C37	12	C37:12	cell by bin methylation count matrix	h5ad	57662208	581535eb172a9acca2f79d0480091b1e	https://api.data.igvf.org/matrix-files/IGVFFI7044GGFE/@@download/IGVFFI7044GGFE.h5ad	s3://igvf-public/2026/01/28/e4176eac-4d2e-4960-a579-4a6919ab2f5e/IGVFFI7044GGFE.h5ad
IGVFFI7735NWHG	processed	IGVFDS9888FLFE	C37	12	C37:12	cell by gene matrix	h5ad	38447392	8cd692928edcba0174f74bb3c0a9db79	https://api.data.igvf.org/matrix-files/IGVFFI7735NWHG/@@download/IGVFFI7735NWHG.h5ad	s3://igvf-public/2026/01/28/56992f1f-bbde-4ac4-b656-6eb2e7d698b3/IGVFFI7735NWHG.h5ad
IGVFFI4128KYRW	processed	IGVFDS9888FLFE	C37	12	C37:12	cell by position methylation count matrix	h5ad	9249204824	f499c807b7612e03c5b542cdf27361a3	https://api.data.igvf.org/matrix-files/IGVFFI4128KYRW/@@download/IGVFFI4128KYRW.h5ad	s3://igvf-public/2026/02/17/f8128a89-3a81-41ba-b55d-43345a17da9a/IGVFFI4128KYRW.h5ad
IGVFFI1654YDQN	processed	IGVFDS9888FLFE	C37	12	C37:12	methylation counts	tsv	148211320	a3cca62b3e837fb373e80b381a09062a	https://api.data.igvf.org/tabular-files/IGVFFI1654YDQN/@@download/IGVFFI1654YDQN.tsv.gz	s3://igvf-public/2026/01/28/85b41589-0592-410f-957d-7545844d1f56/IGVFFI1654YDQN.tsv.gz
IGVFFI3715LNQM	processed	IGVFDS9888FLFE	C37	12	C37:12	per-cell quality report	tsv	763382	2b50e3309bd83263a2f6ff531c9b8832	https://api.data.igvf.org/tabular-files/IGVFFI3715LNQM/@@download/IGVFFI3715LNQM.tsv.gz	s3://igvf-public/2026/07/31/6abb4545-f006-4196-8540-6c6d730facde/IGVFFI3715LNQM.tsv.gz
IGVFFI2136NWFI	processed	IGVFDS7988ENHI	C37	1	C37:1	alignments	bam	4483140966	a7ff8e28ddb87ea3aac586a63b85f51a	https://api.data.igvf.org/alignment-files/IGVFFI2136NWFI/@@download/IGVFFI2136NWFI.bam	s3://igvf-public/2026/02/03/976e8980-5768-41d3-a9aa-642ca783505b/IGVFFI2136NWFI.bam
IGVFFI2578GXRJ	processed	IGVFDS7988ENHI	C37	1	C37:1	alignments	bam	48605208400	0541cabc60b5a5f51dca7bb364700b20	https://api.data.igvf.org/alignment-files/IGVFFI2578GXRJ/@@download/IGVFFI2578GXRJ.bam	s3://igvf-public/2026/01/28/2814e04d-c7b0-43a3-bd0d-a3a3697e9c61/IGVFFI2578GXRJ.bam
IGVFFI1748LDST	processed	IGVFDS7988ENHI	C37	1	C37:1	cell by bin methylation count matrix	h5ad	81710960	fd8ef004fadce47ac8ffe9fd67460d9c	https://api.data.igvf.org/matrix-files/IGVFFI1748LDST/@@download/IGVFFI1748LDST.h5ad	s3://igvf-public/2026/01/28/4c9d2607-e43b-4e46-812e-e1f1aeb523d8/IGVFFI1748LDST.h5ad
IGVFFI4547IOLP	processed	IGVFDS7988ENHI	C37	1	C37:1	cell by gene matrix	h5ad	47800384	334d9ee1ae6de9a366536a73ee36b4ae	https://api.data.igvf.org/matrix-files/IGVFFI4547IOLP/@@download/IGVFFI4547IOLP.h5ad	s3://igvf-public/2026/01/28/f57f23e5-fb97-4c7d-a132-4df10fe4f71c/IGVFFI4547IOLP.h5ad
IGVFFI0827ZWRY	processed	IGVFDS7988ENHI	C37	1	C37:1	cell by position methylation count matrix	h5ad	12128671256	7990ac0507168524e8d4dc43e5c75a08	https://api.data.igvf.org/matrix-files/IGVFFI0827ZWRY/@@download/IGVFFI0827ZWRY.h5ad	s3://igvf-public/2026/02/17/696ec799-327f-4a4d-8bcb-874951ac230f/IGVFFI0827ZWRY.h5ad
IGVFFI9695IITV	processed	IGVFDS7988ENHI	C37	1	C37:1	methylation counts	tsv	153191512	5e690feeb616859474c799ef7c464e76	https://api.data.igvf.org/tabular-files/IGVFFI9695IITV/@@download/IGVFFI9695IITV.tsv.gz	s3://igvf-public/2026/01/28/5e3f5a64-c9f3-4c96-b62a-59f03f89cd3b/IGVFFI9695IITV.tsv.gz
IGVFFI2608KWMC	processed	IGVFDS7988ENHI	C37	1	C37:1	per-cell quality report	tsv	826720	0a9f0db8368633f675a7625d81358326	https://api.data.igvf.org/tabular-files/IGVFFI2608KWMC/@@download/IGVFFI2608KWMC.tsv.gz	s3://igvf-public/2026/07/31/f81d386c-82db-4b09-b776-31eb52b45fe0/IGVFFI2608KWMC.tsv.gz
IGVFFI2244DJDZ	processed	IGVFDS7766XEPS	C37	3	C37:3	alignments	bam	48875125192	30f74b02b7a462bb41245268ddbff278	https://api.data.igvf.org/alignment-files/IGVFFI2244DJDZ/@@download/IGVFFI2244DJDZ.bam	s3://igvf-public/2026/01/28/bf055ad2-87f3-479b-9ea5-4a5dc8d80f33/IGVFFI2244DJDZ.bam
IGVFFI3857WFIP	processed	IGVFDS7766XEPS	C37	3	C37:3	alignments	bam	5255947411	7496e3509bf67b07338a2776c1442683	https://api.data.igvf.org/alignment-files/IGVFFI3857WFIP/@@download/IGVFFI3857WFIP.bam	s3://igvf-public/2026/02/03/457b8077-56d2-4684-b93d-103b0d3e65d6/IGVFFI3857WFIP.bam
IGVFFI2063IVCE	processed	IGVFDS7766XEPS	C37	3	C37:3	cell by bin methylation count matrix	h5ad	77568944	b0d78dc4454312975b0bdf469760b189	https://api.data.igvf.org/matrix-files/IGVFFI2063IVCE/@@download/IGVFFI2063IVCE.h5ad	s3://igvf-public/2026/01/28/a1219467-10e0-4fe0-8598-da185da7cf35/IGVFFI2063IVCE.h5ad
IGVFFI5416EQNE	processed	IGVFDS7766XEPS	C37	3	C37:3	cell by gene matrix	h5ad	50333052	d7c9906dd52b707f20fedede1f3cfd2d	https://api.data.igvf.org/matrix-files/IGVFFI5416EQNE/@@download/IGVFFI5416EQNE.h5ad	s3://igvf-public/2026/01/28/fb6296bf-823a-4584-a77e-8ff2828905bb/IGVFFI5416EQNE.h5ad
IGVFFI3932IRLF	processed	IGVFDS7766XEPS	C37	3	C37:3	cell by position methylation count matrix	h5ad	12118447640	f3776a6c10034f66532da25c68bba4de	https://api.data.igvf.org/matrix-files/IGVFFI3932IRLF/@@download/IGVFFI3932IRLF.h5ad	s3://igvf-public/2026/02/17/1871cbdd-0451-4e2e-a02c-351a26f7274e/IGVFFI3932IRLF.h5ad
IGVFFI9878TTYP	processed	IGVFDS7766XEPS	C37	3	C37:3	methylation counts	tsv	151447324	9c409c3c99a16fffb5db87869a56f5bd	https://api.data.igvf.org/tabular-files/IGVFFI9878TTYP/@@download/IGVFFI9878TTYP.tsv.gz	s3://igvf-public/2026/01/28/7d96f53b-f96c-43f0-a326-cc286a54cab4/IGVFFI9878TTYP.tsv.gz
IGVFFI8123CUQT	processed	IGVFDS7766XEPS	C37	3	C37:3	per-cell quality report	tsv	819876	acc602e8a1ca8a58818a5574d07b18bd	https://api.data.igvf.org/tabular-files/IGVFFI8123CUQT/@@download/IGVFFI8123CUQT.tsv.gz	s3://igvf-public/2026/07/31/3b48f564-fc19-4de8-a3d0-824af0b38a5e/IGVFFI8123CUQT.tsv.gz
IGVFFI5487XTCP	processed	IGVFDS5460CIPC	C37	5	C37:5	alignments	bam	6635394221	38044849e9480233dc08c37419dec4b3	https://api.data.igvf.org/alignment-files/IGVFFI5487XTCP/@@download/IGVFFI5487XTCP.bam	s3://igvf-public/2026/02/03/269bebe1-4545-4956-9e8f-07d58ff707a1/IGVFFI5487XTCP.bam
IGVFFI9077ZAVO	processed	IGVFDS5460CIPC	C37	5	C37:5	alignments	bam	39653794065	ee8235056743817e3c6d746abbb1942e	https://api.data.igvf.org/alignment-files/IGVFFI9077ZAVO/@@download/IGVFFI9077ZAVO.bam	s3://igvf-public/2026/01/28/ae662ebc-10a3-4dad-b81b-c6ebf9223df6/IGVFFI9077ZAVO.bam
IGVFFI3131PUYJ	processed	IGVFDS5460CIPC	C37	5	C37:5	cell by bin methylation count matrix	h5ad	73311872	b63d6ab118b7bc0f16be0073dfc38082	https://api.data.igvf.org/matrix-files/IGVFFI3131PUYJ/@@download/IGVFFI3131PUYJ.h5ad	s3://igvf-public/2026/01/28/56684218-9ea7-43ac-9b6c-be08083bf008/IGVFFI3131PUYJ.h5ad
IGVFFI6761TEIJ	processed	IGVFDS5460CIPC	C37	5	C37:5	cell by gene matrix	h5ad	47418448	dc01c49e08fbc4792c671c0df9f7777d	https://api.data.igvf.org/matrix-files/IGVFFI6761TEIJ/@@download/IGVFFI6761TEIJ.h5ad	s3://igvf-public/2026/01/28/aee3934c-6b28-4572-9882-8a9f80b9ad04/IGVFFI6761TEIJ.h5ad
IGVFFI3503KTOJ	processed	IGVFDS5460CIPC	C37	5	C37:5	cell by position methylation count matrix	h5ad	9367726536	e9e7760b3c3aff1f9190c40becffdcf6	https://api.data.igvf.org/matrix-files/IGVFFI3503KTOJ/@@download/IGVFFI3503KTOJ.h5ad	s3://igvf-public/2026/02/17/4a3a4238-bd7e-4f18-9614-c074c9ba1cff/IGVFFI3503KTOJ.h5ad
IGVFFI8101RYNO	processed	IGVFDS5460CIPC	C37	5	C37:5	methylation counts	tsv	147151773	7fbcbc9801bf3d190d8a411005cc7f35	https://api.data.igvf.org/tabular-files/IGVFFI8101RYNO/@@download/IGVFFI8101RYNO.tsv.gz	s3://igvf-public/2026/01/28/c60a92ef-b23e-43c8-8ca4-f5070ca88028/IGVFFI8101RYNO.tsv.gz
IGVFFI7006JJXP	processed	IGVFDS5460CIPC	C37	5	C37:5	per-cell quality report	tsv	785001	1f7cadf5c8ec115ca674998059c82e5a	https://api.data.igvf.org/tabular-files/IGVFFI7006JJXP/@@download/IGVFFI7006JJXP.tsv.gz	s3://igvf-public/2026/07/31/576f5f94-30a7-4b30-bc18-9d25708174ce/IGVFFI7006JJXP.tsv.gz
IGVFFI5189NNVE	processed	IGVFDS8582PUWV	C37	7	C37:7	alignments	bam	48566420544	1934f4a98f59311d7f839a9b8de15b42	https://api.data.igvf.org/alignment-files/IGVFFI5189NNVE/@@download/IGVFFI5189NNVE.bam	s3://igvf-public/2026/01/28/c56c3094-975b-4708-81cd-1bf83e26154c/IGVFFI5189NNVE.bam
IGVFFI6140MTCV	processed	IGVFDS8582PUWV	C37	7	C37:7	alignments	bam	4288287186	79bcfc12ec0373b596062dd4bbc95eee	https://api.data.igvf.org/alignment-files/IGVFFI6140MTCV/@@download/IGVFFI6140MTCV.bam	s3://igvf-public/2026/02/03/743965bc-c3d3-45d2-aa59-f1ab9b782d5f/IGVFFI6140MTCV.bam
IGVFFI9183SCMC	processed	IGVFDS8582PUWV	C37	7	C37:7	cell by bin methylation count matrix	h5ad	70205360	ae4a2871f73e510b1ca3277a17dd2b4d	https://api.data.igvf.org/matrix-files/IGVFFI9183SCMC/@@download/IGVFFI9183SCMC.h5ad	s3://igvf-public/2026/01/28/6642509e-9fc2-4e30-a0ca-782d23823cf7/IGVFFI9183SCMC.h5ad
IGVFFI7723GAET	processed	IGVFDS8582PUWV	C37	7	C37:7	cell by gene matrix	h5ad	41056116	9c9333637c44ae26eb27bf7866a2b95c	https://api.data.igvf.org/matrix-files/IGVFFI7723GAET/@@download/IGVFFI7723GAET.h5ad	s3://igvf-public/2026/01/28/af84e356-45ad-467a-949e-66b0d7e50a21/IGVFFI7723GAET.h5ad
IGVFFI4319ZJQM	processed	IGVFDS8582PUWV	C37	7	C37:7	cell by position methylation count matrix	h5ad	11603531240	b4697696e1fd9ed55b9c97eae1e19ee8	https://api.data.igvf.org/matrix-files/IGVFFI4319ZJQM/@@download/IGVFFI4319ZJQM.h5ad	s3://igvf-public/2026/02/17/639b8b9f-88cf-4f06-89cb-4ec2b10e02b8/IGVFFI4319ZJQM.h5ad
IGVFFI4077RPCQ	processed	IGVFDS8582PUWV	C37	7	C37:7	methylation counts	tsv	152750219	b19697d77dc85b11b1a20d4ef7c7b3c6	https://api.data.igvf.org/tabular-files/IGVFFI4077RPCQ/@@download/IGVFFI4077RPCQ.tsv.gz	s3://igvf-public/2026/01/28/1c469b43-b95a-4dbc-8dc4-be110af01fd9/IGVFFI4077RPCQ.tsv.gz
IGVFFI5807GBMH	processed	IGVFDS8582PUWV	C37	7	C37:7	per-cell quality report	tsv	811097	472a41b454f14766fc85541cb63b1918	https://api.data.igvf.org/tabular-files/IGVFFI5807GBMH/@@download/IGVFFI5807GBMH.tsv.gz	s3://igvf-public/2026/07/31/625efed3-31c5-433d-be77-224cc9d5b97f/IGVFFI5807GBMH.tsv.gz
IGVFFI4443RYXL	processed	IGVFDS2598SWSV	C37	9	C37:9	alignments	bam	6897196238	15f9e048d5181810e88ed0277f51ff56	https://api.data.igvf.org/alignment-files/IGVFFI4443RYXL/@@download/IGVFFI4443RYXL.bam	s3://igvf-public/2026/02/03/8bc82503-0438-437a-a3a7-3bd429912326/IGVFFI4443RYXL.bam
IGVFFI4876FIOG	processed	IGVFDS2598SWSV	C37	9	C37:9	alignments	bam	46668744946	50492c21b7720f33c1177a7793ac2b27	https://api.data.igvf.org/alignment-files/IGVFFI4876FIOG/@@download/IGVFFI4876FIOG.bam	s3://igvf-public/2026/01/28/88087902-9207-410c-aa9b-3f653c7b958d/IGVFFI4876FIOG.bam
IGVFFI3847PZGE	processed	IGVFDS2598SWSV	C37	9	C37:9	cell by bin methylation count matrix	h5ad	69054800	2291b501a103044a1fb3e9bc3f82b9af	https://api.data.igvf.org/matrix-files/IGVFFI3847PZGE/@@download/IGVFFI3847PZGE.h5ad	s3://igvf-public/2026/01/28/585c2aa3-0b9f-4fc9-8f80-7955a95786db/IGVFFI3847PZGE.h5ad
IGVFFI3238PQYO	processed	IGVFDS2598SWSV	C37	9	C37:9	cell by gene matrix	h5ad	50897652	2bfc3c504f1d1a2f3443b2843a20f0be	https://api.data.igvf.org/matrix-files/IGVFFI3238PQYO/@@download/IGVFFI3238PQYO.h5ad	s3://igvf-public/2026/01/28/3cbe0a1b-9771-4e2d-be0a-c4d3e7404134/IGVFFI3238PQYO.h5ad
IGVFFI8180IPDG	processed	IGVFDS2598SWSV	C37	9	C37:9	cell by position methylation count matrix	h5ad	11046900744	3dfd92291f67a43fb480b22d28f17549	https://api.data.igvf.org/matrix-files/IGVFFI8180IPDG/@@download/IGVFFI8180IPDG.h5ad	s3://igvf-public/2026/02/17/3fbd65d4-2c53-46b9-831a-895f8a1957eb/IGVFFI8180IPDG.h5ad
IGVFFI8692ETBN	processed	IGVFDS2598SWSV	C37	9	C37:9	methylation counts	tsv	151749594	effe28f4b26fe097b0625d4ee83a4e3e	https://api.data.igvf.org/tabular-files/IGVFFI8692ETBN/@@download/IGVFFI8692ETBN.tsv.gz	s3://igvf-public/2026/01/28/c4ef63e7-d5f1-4b69-ae25-46d6f0b90594/IGVFFI8692ETBN.tsv.gz
IGVFFI6975DHLI	processed	IGVFDS2598SWSV	C37	9	C37:9	per-cell quality report	tsv	716547	78bffdcef6d721d680d8f21335aca92f	https://api.data.igvf.org/tabular-files/IGVFFI6975DHLI/@@download/IGVFFI6975DHLI.tsv.gz	s3://igvf-public/2026/07/31/dfdcb3d4-7aaa-42b8-a510-20206c1fb6df/IGVFFI6975DHLI.tsv.gz
IGVFFI4273KKEG	processed	IGVFDS8787ULTU	C38	0	C38:0	alignments	bam	6213275503	363deff941bd3f62f7c01133a69e1e42	https://api.data.igvf.org/alignment-files/IGVFFI4273KKEG/@@download/IGVFFI4273KKEG.bam	s3://igvf-public/2026/02/03/580af641-89fd-4db5-93b5-42f8ea3dc897/IGVFFI4273KKEG.bam
IGVFFI5419UFDQ	processed	IGVFDS8787ULTU	C38	0	C38:0	alignments	bam	47102717092	e5007f2a43d3298015dfadaa8f2748ca	https://api.data.igvf.org/alignment-files/IGVFFI5419UFDQ/@@download/IGVFFI5419UFDQ.bam	s3://igvf-public/2026/01/28/2ab274a3-0868-4b93-83ae-5edfb2de143f/IGVFFI5419UFDQ.bam
IGVFFI8384WVZL	processed	IGVFDS8787ULTU	C38	0	C38:0	cell by bin methylation count matrix	h5ad	78719504	c4ff5fa53ebc74be90ea3c3277170eb3	https://api.data.igvf.org/matrix-files/IGVFFI8384WVZL/@@download/IGVFFI8384WVZL.h5ad	s3://igvf-public/2026/01/28/991107b6-5538-46d2-9ff7-fbf131a5882a/IGVFFI8384WVZL.h5ad
IGVFFI9426PSZP	processed	IGVFDS8787ULTU	C38	0	C38:0	cell by gene matrix	h5ad	49853892	6b5b3da9c63b9966dc8418123def5afa	https://api.data.igvf.org/matrix-files/IGVFFI9426PSZP/@@download/IGVFFI9426PSZP.h5ad	s3://igvf-public/2026/01/28/f18abfbe-f86f-4b63-8ef4-8de9a68af74d/IGVFFI9426PSZP.h5ad
IGVFFI4715KVMU	processed	IGVFDS8787ULTU	C38	0	C38:0	cell by position methylation count matrix	h5ad	11232728648	e3fb5ba57758972963a69a07a9e5f89a	https://api.data.igvf.org/matrix-files/IGVFFI4715KVMU/@@download/IGVFFI4715KVMU.h5ad	s3://igvf-public/2026/02/17/24e8033d-ac55-4a26-b88a-5fac658701e6/IGVFFI4715KVMU.h5ad
IGVFFI7188ZHOK	processed	IGVFDS8787ULTU	C38	0	C38:0	methylation counts	tsv	151926491	29231191ca4c95bc2b41ce3a83d9bd02	https://api.data.igvf.org/tabular-files/IGVFFI7188ZHOK/@@download/IGVFFI7188ZHOK.tsv.gz	s3://igvf-public/2026/01/28/f680caca-ca0f-4e49-bf47-f43d8b94e4ba/IGVFFI7188ZHOK.tsv.gz
IGVFFI7700LBWK	processed	IGVFDS8787ULTU	C38	0	C38:0	per-cell quality report	tsv	776035	636bbe5dcac8eb727eddee39428dec72	https://api.data.igvf.org/tabular-files/IGVFFI7700LBWK/@@download/IGVFFI7700LBWK.tsv.gz	s3://igvf-public/2026/07/31/c66663e7-ec0f-4f06-84ef-319152a629b5/IGVFFI7700LBWK.tsv.gz
IGVFFI3552XPTM	processed	IGVFDS7824ICDV	C38	12	C38:12	alignments	bam	2732432519	9feb941b9fe9c9ba0c8b37da659a28e9	https://api.data.igvf.org/alignment-files/IGVFFI3552XPTM/@@download/IGVFFI3552XPTM.bam	s3://igvf-public/2026/02/03/6d45805a-1122-4ffe-80ee-eada9b54c106/IGVFFI3552XPTM.bam
IGVFFI6703YXMV	processed	IGVFDS7824ICDV	C38	12	C38:12	alignments	bam	45385301725	4bdf64fa846e4d53d68687469276f0ce	https://api.data.igvf.org/alignment-files/IGVFFI6703YXMV/@@download/IGVFFI6703YXMV.bam	s3://igvf-public/2026/01/28/74d4712c-6ce9-4712-89cf-8730681b8c37/IGVFFI6703YXMV.bam
IGVFFI0245BAPP	processed	IGVFDS7824ICDV	C38	12	C38:12	cell by bin methylation count matrix	h5ad	40042256	c0f3ea75105d9e746ed46332d5d6a38f	https://api.data.igvf.org/matrix-files/IGVFFI0245BAPP/@@download/IGVFFI0245BAPP.h5ad	s3://igvf-public/2026/01/28/25377896-799f-4330-a835-9b16c3705ebc/IGVFFI0245BAPP.h5ad
IGVFFI2515HXZL	processed	IGVFDS7824ICDV	C38	12	C38:12	cell by gene matrix	h5ad	29158504	b34e53ffa3af261bed3178f905f82e76	https://api.data.igvf.org/matrix-files/IGVFFI2515HXZL/@@download/IGVFFI2515HXZL.h5ad	s3://igvf-public/2026/01/28/8fbaac3b-a61f-4411-ba36-97b34838f8b0/IGVFFI2515HXZL.h5ad
IGVFFI8655QBHA	processed	IGVFDS7824ICDV	C38	12	C38:12	cell by position methylation count matrix	h5ad	10747696688	22d111622307efd975a516da34877c72	https://api.data.igvf.org/matrix-files/IGVFFI8655QBHA/@@download/IGVFFI8655QBHA.h5ad	s3://igvf-public/2026/02/17/d56ddb62-614f-4927-aaa5-d3c5f4d62911/IGVFFI8655QBHA.h5ad
IGVFFI1163ZLRL	processed	IGVFDS7824ICDV	C38	12	C38:12	methylation counts	tsv	151565891	6b5a4372a201e301fb0b849a5e1c69ff	https://api.data.igvf.org/tabular-files/IGVFFI1163ZLRL/@@download/IGVFFI1163ZLRL.tsv.gz	s3://igvf-public/2026/01/28/f9bdd72c-2203-4f89-82ca-835e36f9aa3f/IGVFFI1163ZLRL.tsv.gz
IGVFFI6845PAAW	processed	IGVFDS7824ICDV	C38	12	C38:12	per-cell quality report	tsv	718466	6003670d0a0faf6ac5628c1279c3fbcd	https://api.data.igvf.org/tabular-files/IGVFFI6845PAAW/@@download/IGVFFI6845PAAW.tsv.gz	s3://igvf-public/2026/07/31/d61d2775-3181-42b1-9d1e-2702011c902a/IGVFFI6845PAAW.tsv.gz
IGVFFI0514ZBLJ	processed	IGVFDS0905MHBK	C38	1	C38:1	alignments	bam	4121307770	5f6b1fb1b2e570006954f10de6e22e02	https://api.data.igvf.org/alignment-files/IGVFFI0514ZBLJ/@@download/IGVFFI0514ZBLJ.bam	s3://igvf-public/2026/02/03/418f0cdc-ed4f-467a-b985-92e6ca5c904d/IGVFFI0514ZBLJ.bam
IGVFFI5140BTQE	processed	IGVFDS0905MHBK	C38	1	C38:1	alignments	bam	39048709293	e32c9b1b8c70a8800a0124a62faf3df5	https://api.data.igvf.org/alignment-files/IGVFFI5140BTQE/@@download/IGVFFI5140BTQE.bam	s3://igvf-public/2026/01/28/a0f341ea-7041-4782-8ade-e64d5ab2e1fc/IGVFFI5140BTQE.bam
IGVFFI3783JCMX	processed	IGVFDS0905MHBK	C38	1	C38:1	cell by bin methylation count matrix	h5ad	71701088	7ff1238ec839097316295f73af32f6e3	https://api.data.igvf.org/matrix-files/IGVFFI3783JCMX/@@download/IGVFFI3783JCMX.h5ad	s3://igvf-public/2026/01/28/007dca7a-57e7-4839-9d86-239ea935eea2/IGVFFI3783JCMX.h5ad
IGVFFI9758BEOI	processed	IGVFDS0905MHBK	C38	1	C38:1	cell by gene matrix	h5ad	46440168	1524893c7842b14a87ab722c3fa4f6e6	https://api.data.igvf.org/matrix-files/IGVFFI9758BEOI/@@download/IGVFFI9758BEOI.h5ad	s3://igvf-public/2026/01/28/9b1234e0-8dd6-4c65-96c0-acd4807b919d/IGVFFI9758BEOI.h5ad
IGVFFI0529OWHF	processed	IGVFDS0905MHBK	C38	1	C38:1	cell by position methylation count matrix	h5ad	9142730632	043b03da7433f4c85e4092ddec809d6a	https://api.data.igvf.org/matrix-files/IGVFFI0529OWHF/@@download/IGVFFI0529OWHF.h5ad	s3://igvf-public/2026/02/17/ba4e94bc-1bc7-4107-a640-35e563b5de27/IGVFFI0529OWHF.h5ad
IGVFFI8036UAPV	processed	IGVFDS0905MHBK	C38	1	C38:1	methylation counts	tsv	147710742	0e0b99e6515ec14474651412bfca464c	https://api.data.igvf.org/tabular-files/IGVFFI8036UAPV/@@download/IGVFFI8036UAPV.tsv.gz	s3://igvf-public/2026/01/28/d0154065-c364-4011-8e91-ab22b7a31cae/IGVFFI8036UAPV.tsv.gz
IGVFFI2083ZROF	processed	IGVFDS0905MHBK	C38	1	C38:1	per-cell quality report	tsv	701355	20cbaed2b259c2d3398fde5688aafd9d	https://api.data.igvf.org/tabular-files/IGVFFI2083ZROF/@@download/IGVFFI2083ZROF.tsv.gz	s3://igvf-public/2026/07/31/a7daac4a-a074-4e55-ab2e-7f815132ee5d/IGVFFI2083ZROF.tsv.gz
IGVFFI4832JINZ	processed	IGVFDS6093QULG	C38	3	C38:3	alignments	bam	4586074601	fb111977417724eea1b085e8f448a718	https://api.data.igvf.org/alignment-files/IGVFFI4832JINZ/@@download/IGVFFI4832JINZ.bam	s3://igvf-public/2026/02/03/2ba64cc5-d957-4482-a8fd-c26e6994db2c/IGVFFI4832JINZ.bam
IGVFFI8498AEAK	processed	IGVFDS6093QULG	C38	3	C38:3	alignments	bam	46934804704	2f6346bc6a619cfc02a2401031a216c2	https://api.data.igvf.org/alignment-files/IGVFFI8498AEAK/@@download/IGVFFI8498AEAK.bam	s3://igvf-public/2026/01/28/efc3c0a6-2b79-4816-b08b-af8682f911e7/IGVFFI8498AEAK.bam
IGVFFI3559SCLG	processed	IGVFDS6093QULG	C38	3	C38:3	cell by bin methylation count matrix	h5ad	70550528	f8667a5bf97224e05a6f1a6a02288d1f	https://api.data.igvf.org/matrix-files/IGVFFI3559SCLG/@@download/IGVFFI3559SCLG.h5ad	s3://igvf-public/2026/01/28/d9ccb21a-2981-4344-8cde-08e410c2970a/IGVFFI3559SCLG.h5ad
IGVFFI1479VMIJ	processed	IGVFDS6093QULG	C38	3	C38:3	cell by gene matrix	h5ad	45518548	c25ec99422ec72ddaad622a85ac96ee5	https://api.data.igvf.org/matrix-files/IGVFFI1479VMIJ/@@download/IGVFFI1479VMIJ.h5ad	s3://igvf-public/2026/01/28/a20330f3-213e-46c2-ba97-a40308936029/IGVFFI1479VMIJ.h5ad
IGVFFI6945MASL	processed	IGVFDS6093QULG	C38	3	C38:3	cell by position methylation count matrix	h5ad	11008005656	efde9de0d01afa181aa8f9307a09e343	https://api.data.igvf.org/matrix-files/IGVFFI6945MASL/@@download/IGVFFI6945MASL.h5ad	s3://igvf-public/2026/02/17/5488662a-8850-4c83-a2d5-93924d7f870b/IGVFFI6945MASL.h5ad
IGVFFI3301UCGZ	processed	IGVFDS6093QULG	C38	3	C38:3	methylation counts	tsv	151375027	d94510e5da0c7d852371c246807e0a58	https://api.data.igvf.org/tabular-files/IGVFFI3301UCGZ/@@download/IGVFFI3301UCGZ.tsv.gz	s3://igvf-public/2026/01/28/041f8d9c-8ee8-4a34-9a65-e7c66953ca0c/IGVFFI3301UCGZ.tsv.gz
IGVFFI6722DTTB	processed	IGVFDS6093QULG	C38	3	C38:3	per-cell quality report	tsv	752366	8e75b241cd781a32ee534a9099419b8d	https://api.data.igvf.org/tabular-files/IGVFFI6722DTTB/@@download/IGVFFI6722DTTB.tsv.gz	s3://igvf-public/2026/07/31/7375f367-679c-460b-9268-3e5e8ac01765/IGVFFI6722DTTB.tsv.gz
IGVFFI6290JOJV	processed	IGVFDS3991XFOI	C38	5	C38:5	alignments	bam	6486204201	41c01f2061b14bf695d5ab24d42c556f	https://api.data.igvf.org/alignment-files/IGVFFI6290JOJV/@@download/IGVFFI6290JOJV.bam	s3://igvf-public/2026/02/03/3d27a115-b2a5-43c1-a408-2acac6c1af63/IGVFFI6290JOJV.bam
IGVFFI8552UTFU	processed	IGVFDS3991XFOI	C38	5	C38:5	alignments	bam	34019791155	5f73a1d6bc45d4204c9c22ab7d04d887	https://api.data.igvf.org/alignment-files/IGVFFI8552UTFU/@@download/IGVFFI8552UTFU.bam	s3://igvf-public/2026/01/28/efa055dd-9dcf-41e0-93e9-31d6b5192277/IGVFFI8552UTFU.bam
IGVFFI5188EWVM	processed	IGVFDS3991XFOI	C38	5	C38:5	cell by bin methylation count matrix	h5ad	65603120	da5084c7191b83a145544a1e26878b7a	https://api.data.igvf.org/matrix-files/IGVFFI5188EWVM/@@download/IGVFFI5188EWVM.h5ad	s3://igvf-public/2026/01/28/6e79f421-4e01-424c-9b75-fb0dab646c1a/IGVFFI5188EWVM.h5ad
IGVFFI1159TQCF	processed	IGVFDS3991XFOI	C38	5	C38:5	cell by gene matrix	h5ad	48442212	66369f1f21cbd845f8f2f1f725b3d38b	https://api.data.igvf.org/matrix-files/IGVFFI1159TQCF/@@download/IGVFFI1159TQCF.h5ad	s3://igvf-public/2026/01/28/4ec4a1b9-aa03-4b05-8838-2ada0b051b43/IGVFFI1159TQCF.h5ad
IGVFFI2024QOWT	processed	IGVFDS3991XFOI	C38	5	C38:5	cell by position methylation count matrix	h5ad	7970061880	90eec2b486501a3fc36f515cbfe7ccea	https://api.data.igvf.org/matrix-files/IGVFFI2024QOWT/@@download/IGVFFI2024QOWT.h5ad	s3://igvf-public/2026/02/17/6ceff873-beb0-4c36-adf0-2f2b1fc2d156/IGVFFI2024QOWT.h5ad
IGVFFI3270BREE	processed	IGVFDS3991XFOI	C38	5	C38:5	methylation counts	tsv	144934756	34c0cc4beaa2aad80a1774d65bb5602e	https://api.data.igvf.org/tabular-files/IGVFFI3270BREE/@@download/IGVFFI3270BREE.tsv.gz	s3://igvf-public/2026/01/28/84633636-123e-4cc9-b5cf-0a0854ef77e4/IGVFFI3270BREE.tsv.gz
IGVFFI7814KBTD	processed	IGVFDS3991XFOI	C38	5	C38:5	per-cell quality report	tsv	703230	bf755abef2dcbcdbfc97b18eefdeea73	https://api.data.igvf.org/tabular-files/IGVFFI7814KBTD/@@download/IGVFFI7814KBTD.tsv.gz	s3://igvf-public/2026/07/31/5ccee1a5-2be8-4bf1-b44b-f91e027f63c7/IGVFFI7814KBTD.tsv.gz
IGVFFI2454RFTK	processed	IGVFDS7069MXHH	C38	7	C38:7	alignments	bam	4377041231	61a16beaaee94ca212f8b9431e1e5dde	https://api.data.igvf.org/alignment-files/IGVFFI2454RFTK/@@download/IGVFFI2454RFTK.bam	s3://igvf-public/2026/02/03/7e86c40d-cd83-4ce5-95e5-d493aa6e6ee1/IGVFFI2454RFTK.bam
IGVFFI6681ITSB	processed	IGVFDS7069MXHH	C38	7	C38:7	alignments	bam	47521675683	a0bf1a82588a78ffdc50b8d5cee0dcaf	https://api.data.igvf.org/alignment-files/IGVFFI6681ITSB/@@download/IGVFFI6681ITSB.bam	s3://igvf-public/2026/01/28/a3be4d9f-8e4f-4bb0-9cc0-9b3235733f55/IGVFFI6681ITSB.bam
IGVFFI6073XYCO	processed	IGVFDS7069MXHH	C38	7	C38:7	cell by bin methylation count matrix	h5ad	63530064	6692f9e90dc2dcb681d6626d6f91ee7b	https://api.data.igvf.org/matrix-files/IGVFFI6073XYCO/@@download/IGVFFI6073XYCO.h5ad	s3://igvf-public/2026/01/28/6be84797-0c3f-4330-aaaa-2660cd1c70e9/IGVFFI6073XYCO.h5ad
IGVFFI9830YCUH	processed	IGVFDS7069MXHH	C38	7	C38:7	cell by gene matrix	h5ad	40429120	5fe1fdaeb405abf69b6d187e0834b32f	https://api.data.igvf.org/matrix-files/IGVFFI9830YCUH/@@download/IGVFFI9830YCUH.h5ad	s3://igvf-public/2026/01/28/39abf6bd-47ee-4625-a5be-0968d9f093e9/IGVFFI9830YCUH.h5ad
IGVFFI6754CDGK	processed	IGVFDS7069MXHH	C38	7	C38:7	cell by position methylation count matrix	h5ad	10863695288	469ec1b50e42523a168af75d1f8483f9	https://api.data.igvf.org/matrix-files/IGVFFI6754CDGK/@@download/IGVFFI6754CDGK.h5ad	s3://igvf-public/2026/02/17/ea01c104-166c-4e1c-9290-e65e8d27d983/IGVFFI6754CDGK.h5ad
IGVFFI2499UGHE	processed	IGVFDS7069MXHH	C38	7	C38:7	methylation counts	tsv	150730052	cc1edda4fff410c88e38a09e63530795	https://api.data.igvf.org/tabular-files/IGVFFI2499UGHE/@@download/IGVFFI2499UGHE.tsv.gz	s3://igvf-public/2026/01/28/9049c919-192f-4085-9eec-954c697ebec2/IGVFFI2499UGHE.tsv.gz
IGVFFI4252JNWF	processed	IGVFDS7069MXHH	C38	7	C38:7	per-cell quality report	tsv	697436	0f8ad9015d3a33e6357cdb434fce99ad	https://api.data.igvf.org/tabular-files/IGVFFI4252JNWF/@@download/IGVFFI4252JNWF.tsv.gz	s3://igvf-public/2026/07/31/2e8f4983-57d6-4cba-ad89-8fe520fa17f1/IGVFFI4252JNWF.tsv.gz
IGVFFI1339WLBB	processed	IGVFDS9671SLOU	C38	9	C38:9	alignments	bam	7814531225	0637f47dbf38709286cde77ebc691645	https://api.data.igvf.org/alignment-files/IGVFFI1339WLBB/@@download/IGVFFI1339WLBB.bam	s3://igvf-public/2026/02/03/3a34808b-1fdd-473b-87f8-31a1e5b1ef16/IGVFFI1339WLBB.bam
IGVFFI4403VLKH	processed	IGVFDS9671SLOU	C38	9	C38:9	alignments	bam	37046379518	1078d68e08e874e1136214271c2bdb7a	https://api.data.igvf.org/alignment-files/IGVFFI4403VLKH/@@download/IGVFFI4403VLKH.bam	s3://igvf-public/2026/01/28/1a194809-164b-47d0-8903-996d9692289b/IGVFFI4403VLKH.bam
IGVFFI5568HRZK	processed	IGVFDS9671SLOU	C38	9	C38:9	cell by bin methylation count matrix	h5ad	69975248	828f3e38918122b442951b57ad95b350	https://api.data.igvf.org/matrix-files/IGVFFI5568HRZK/@@download/IGVFFI5568HRZK.h5ad	s3://igvf-public/2026/01/28/a7661c13-3428-44cd-a37d-a0d7caedf88b/IGVFFI5568HRZK.h5ad
IGVFFI2219YLNF	processed	IGVFDS9671SLOU	C38	9	C38:9	cell by gene matrix	h5ad	50209272	5888c96a17efc8e9b628f14551014397	https://api.data.igvf.org/matrix-files/IGVFFI2219YLNF/@@download/IGVFFI2219YLNF.h5ad	s3://igvf-public/2026/01/28/018d8a2f-7caf-46af-93b7-ea10dec2b92a/IGVFFI2219YLNF.h5ad
IGVFFI2697NHOV	processed	IGVFDS9671SLOU	C38	9	C38:9	cell by position methylation count matrix	h5ad	8885305152	ac893b70994086ea4f2e79c8ff3f2462	https://api.data.igvf.org/matrix-files/IGVFFI2697NHOV/@@download/IGVFFI2697NHOV.h5ad	s3://igvf-public/2026/02/17/b70b1d2c-ee53-4e28-ae06-4219df965ba6/IGVFFI2697NHOV.h5ad
IGVFFI1816PNZE	processed	IGVFDS9671SLOU	C38	9	C38:9	methylation counts	tsv	138762746	d37c8460f498dc50b6c80738afa3fa7d	https://api.data.igvf.org/tabular-files/IGVFFI1816PNZE/@@download/IGVFFI1816PNZE.tsv.gz	s3://igvf-public/2026/01/28/bb394ce1-fe1e-4d34-9a4f-a8620fa6d6ba/IGVFFI1816PNZE.tsv.gz
IGVFFI3153HNBF	processed	IGVFDS9671SLOU	C38	9	C38:9	per-cell quality report	tsv	724188	641dbcb1264c596669e745cde6b94761	https://api.data.igvf.org/tabular-files/IGVFFI3153HNBF/@@download/IGVFFI3153HNBF.tsv.gz	s3://igvf-public/2026/07/31/eacb5268-5702-47bd-a78f-45866821e7f1/IGVFFI3153HNBF.tsv.gz
IGVFFI6672VNIF	processed	IGVFDS3132OBKA	C39	0	C39:0	alignments	bam	5410479493	ab256b622d0782cb96d59600ef968dc9	https://api.data.igvf.org/alignment-files/IGVFFI6672VNIF/@@download/IGVFFI6672VNIF.bam	s3://igvf-public/2026/02/03/a1aba0ed-64ca-4c0c-b176-17d880660d94/IGVFFI6672VNIF.bam
IGVFFI9506UWLD	processed	IGVFDS3132OBKA	C39	0	C39:0	alignments	bam	37571335856	d6f8e71859dcfdf671ca1b7bff824f46	https://api.data.igvf.org/alignment-files/IGVFFI9506UWLD/@@download/IGVFFI9506UWLD.bam	s3://igvf-public/2026/01/28/3155224e-eb12-456b-a5c8-2231fb179c62/IGVFFI9506UWLD.bam
IGVFFI9183UXJH	processed	IGVFDS3132OBKA	C39	0	C39:0	cell by bin methylation count matrix	h5ad	74922656	e376cce611c4a7f2bfa498f663a25e50	https://api.data.igvf.org/matrix-files/IGVFFI9183UXJH/@@download/IGVFFI9183UXJH.h5ad	s3://igvf-public/2026/01/28/14c24a80-c257-4642-ba6d-8f7162ddaea1/IGVFFI9183UXJH.h5ad
IGVFFI2625VJUV	processed	IGVFDS3132OBKA	C39	0	C39:0	cell by gene matrix	h5ad	46675332	080c03e2552d072eaff519cb44dde330	https://api.data.igvf.org/matrix-files/IGVFFI2625VJUV/@@download/IGVFFI2625VJUV.h5ad	s3://igvf-public/2026/01/28/63529d4b-758d-4436-b09e-e2d7e0329331/IGVFFI2625VJUV.h5ad
IGVFFI1369ESZR	processed	IGVFDS3132OBKA	C39	0	C39:0	cell by position methylation count matrix	h5ad	8856655208	ff2ebf34324fd3df88c454a6342971e3	https://api.data.igvf.org/matrix-files/IGVFFI1369ESZR/@@download/IGVFFI1369ESZR.h5ad	s3://igvf-public/2026/02/17/01a01205-a1d0-4476-947a-8da6754c31c3/IGVFFI1369ESZR.h5ad
IGVFFI5784IBZU	processed	IGVFDS3132OBKA	C39	0	C39:0	methylation counts	tsv	147132646	1c3737c02f3dc18ce671ce8b69692603	https://api.data.igvf.org/tabular-files/IGVFFI5784IBZU/@@download/IGVFFI5784IBZU.tsv.gz	s3://igvf-public/2026/01/28/e1e5c924-c453-4e69-b8df-638f55fd40e6/IGVFFI5784IBZU.tsv.gz
IGVFFI4760OHJP	processed	IGVFDS3132OBKA	C39	0	C39:0	per-cell quality report	tsv	732180	ea842b4d258deb68cf262c2be2fe9806	https://api.data.igvf.org/tabular-files/IGVFFI4760OHJP/@@download/IGVFFI4760OHJP.tsv.gz	s3://igvf-public/2026/07/31/6edabcb1-a648-4ff7-86bc-02421d8a0233/IGVFFI4760OHJP.tsv.gz
IGVFFI4412FPJL	processed	IGVFDS4368TXEB	C39	12	C39:12	alignments	bam	49219195584	4beeaf2356143af0cbb4f22cc90bb2ba	https://api.data.igvf.org/alignment-files/IGVFFI4412FPJL/@@download/IGVFFI4412FPJL.bam	s3://igvf-public/2026/01/28/e6cf568d-2c89-42ba-819f-7c97fe4c7a93/IGVFFI4412FPJL.bam
IGVFFI6095HZES	processed	IGVFDS4368TXEB	C39	12	C39:12	alignments	bam	7023160447	2611ed97c9d77bf8ba2dcafcc7285053	https://api.data.igvf.org/alignment-files/IGVFFI6095HZES/@@download/IGVFFI6095HZES.bam	s3://igvf-public/2026/02/03/79fee15d-8a76-4848-b3b5-53c7e631caf9/IGVFFI6095HZES.bam
IGVFFI0257XIZS	processed	IGVFDS4368TXEB	C39	12	C39:12	cell by bin methylation count matrix	h5ad	65025792	a86dccc20ef5a5ae88dd65f71e9aca5f	https://api.data.igvf.org/matrix-files/IGVFFI0257XIZS/@@download/IGVFFI0257XIZS.h5ad	s3://igvf-public/2026/01/28/82bb08e7-a6d5-40d1-ac86-d99f0d9a5a60/IGVFFI0257XIZS.h5ad
IGVFFI5471KWTD	processed	IGVFDS4368TXEB	C39	12	C39:12	cell by gene matrix	h5ad	45116596	be38c1b77e9fa9d467bb2b8beda4d57e	https://api.data.igvf.org/matrix-files/IGVFFI5471KWTD/@@download/IGVFFI5471KWTD.h5ad	s3://igvf-public/2026/01/28/a92b662b-eaa0-468a-8bd6-42a3eeb08cf5/IGVFFI5471KWTD.h5ad
IGVFFI1022QAIN	processed	IGVFDS4368TXEB	C39	12	C39:12	cell by position methylation count matrix	h5ad	11487106560	94c6b435cba63f95a3135ca9e6381172	https://api.data.igvf.org/matrix-files/IGVFFI1022QAIN/@@download/IGVFFI1022QAIN.h5ad	s3://igvf-public/2026/02/17/ff3cc536-ade9-4fcc-b2c4-6777c53f5033/IGVFFI1022QAIN.h5ad
IGVFFI5705GYJY	processed	IGVFDS4368TXEB	C39	12	C39:12	methylation counts	tsv	152921891	7f6b8b4dc834744eea6dececed637cd9	https://api.data.igvf.org/tabular-files/IGVFFI5705GYJY/@@download/IGVFFI5705GYJY.tsv.gz	s3://igvf-public/2026/01/28/9c9345d5-ec4f-48a6-8311-dc57d78ee1db/IGVFFI5705GYJY.tsv.gz
IGVFFI3578DBSY	processed	IGVFDS4368TXEB	C39	12	C39:12	per-cell quality report	tsv	766824	4db6254dcfb421e4095758ec164d270c	https://api.data.igvf.org/tabular-files/IGVFFI3578DBSY/@@download/IGVFFI3578DBSY.tsv.gz	s3://igvf-public/2026/07/31/6f0aa475-d718-42f4-9e2c-fc19108b16ed/IGVFFI3578DBSY.tsv.gz
IGVFFI3391AWIX	processed	IGVFDS1519DIBO	C39	14	C39:14	alignments	bam	5387287130	97cfb345e6f932a49381c47735807d31	https://api.data.igvf.org/alignment-files/IGVFFI3391AWIX/@@download/IGVFFI3391AWIX.bam	s3://igvf-public/2026/02/03/23c7b752-06d8-4ecc-8a7f-e755735af6ea/IGVFFI3391AWIX.bam
IGVFFI3800FCYW	processed	IGVFDS1519DIBO	C39	14	C39:14	alignments	bam	44922724469	af2d97790f7f807336d4f6a9135edd66	https://api.data.igvf.org/alignment-files/IGVFFI3800FCYW/@@download/IGVFFI3800FCYW.bam	s3://igvf-public/2026/01/28/8c0f4147-c63e-4a4b-a727-3a9f90ecb821/IGVFFI3800FCYW.bam
IGVFFI7483XIRV	processed	IGVFDS1519DIBO	C39	14	C39:14	cell by bin methylation count matrix	h5ad	53865360	a2407cb95c83fdfd765de715956e86cc	https://api.data.igvf.org/matrix-files/IGVFFI7483XIRV/@@download/IGVFFI7483XIRV.h5ad	s3://igvf-public/2026/01/28/b0006d47-788c-455e-abff-891db15872c7/IGVFFI7483XIRV.h5ad
IGVFFI0393OQAL	processed	IGVFDS1519DIBO	C39	14	C39:14	cell by gene matrix	h5ad	37528160	1d77dfa70ae4544390b1176ca623d647	https://api.data.igvf.org/matrix-files/IGVFFI0393OQAL/@@download/IGVFFI0393OQAL.h5ad	s3://igvf-public/2026/01/28/11dfebc5-7741-48e3-8c3e-df69bc2366b4/IGVFFI0393OQAL.h5ad
IGVFFI6612NSWE	processed	IGVFDS1519DIBO	C39	14	C39:14	cell by position methylation count matrix	h5ad	10488141240	3fc856c5708326af551ca17ad77bacd5	https://api.data.igvf.org/matrix-files/IGVFFI6612NSWE/@@download/IGVFFI6612NSWE.h5ad	s3://igvf-public/2026/02/17/639bfbbe-5fc8-4467-8e31-1af4c89ff479/IGVFFI6612NSWE.h5ad
IGVFFI1769UMQS	processed	IGVFDS1519DIBO	C39	14	C39:14	methylation counts	tsv	151087546	19c8706e853fed9daabf21a2e2f109a3	https://api.data.igvf.org/tabular-files/IGVFFI1769UMQS/@@download/IGVFFI1769UMQS.tsv.gz	s3://igvf-public/2026/01/28/a66752ec-ebb2-45e8-bde0-e26b8d2a223e/IGVFFI1769UMQS.tsv.gz
IGVFFI5995VAPU	processed	IGVFDS1519DIBO	C39	14	C39:14	per-cell quality report	tsv	720682	4f602d9218b8112c7bf3e508c72a17d5	https://api.data.igvf.org/tabular-files/IGVFFI5995VAPU/@@download/IGVFFI5995VAPU.tsv.gz	s3://igvf-public/2026/07/31/c79f4f87-2712-4d74-9a83-32838f6d5b9b/IGVFFI5995VAPU.tsv.gz
IGVFFI0697WXAD	processed	IGVFDS9271IEUD	C39	16	C39:16	alignments	bam	5695013964	ab82a872423502e44912b1a07a4e34fe	https://api.data.igvf.org/alignment-files/IGVFFI0697WXAD/@@download/IGVFFI0697WXAD.bam	s3://igvf-public/2026/02/03/1214bea2-780f-4c31-a324-62a32af3f7a9/IGVFFI0697WXAD.bam
IGVFFI1497RFPC	processed	IGVFDS9271IEUD	C39	16	C39:16	alignments	bam	42600005289	b479beff96ce4d8387b2eea078f927f5	https://api.data.igvf.org/alignment-files/IGVFFI1497RFPC/@@download/IGVFFI1497RFPC.bam	s3://igvf-public/2026/01/28/9399ecff-56f0-463b-84b0-81cddd66bece/IGVFFI1497RFPC.bam
IGVFFI6094TCEH	processed	IGVFDS9271IEUD	C39	16	C39:16	cell by bin methylation count matrix	h5ad	58237488	9517bceee880cfcb4cad71072818d0b1	https://api.data.igvf.org/matrix-files/IGVFFI6094TCEH/@@download/IGVFFI6094TCEH.h5ad	s3://igvf-public/2026/01/28/46079e2b-121c-4bc7-819f-a492b20e721d/IGVFFI6094TCEH.h5ad
IGVFFI1775ZIUW	processed	IGVFDS9271IEUD	C39	16	C39:16	cell by gene matrix	h5ad	37852068	17f4af0e8d7d350e12145bd4a7b25704	https://api.data.igvf.org/matrix-files/IGVFFI1775ZIUW/@@download/IGVFFI1775ZIUW.h5ad	s3://igvf-public/2026/01/28/2c9b9fad-939a-4a85-87b6-dced8b7d9ba2/IGVFFI1775ZIUW.h5ad
IGVFFI3242QDPF	processed	IGVFDS9271IEUD	C39	16	C39:16	cell by position methylation count matrix	h5ad	10139281960	9eb2ebf5a4ce17dfbad60a23ba1ab359	https://api.data.igvf.org/matrix-files/IGVFFI3242QDPF/@@download/IGVFFI3242QDPF.h5ad	s3://igvf-public/2026/02/17/dfe82cf2-abab-48d4-8e9e-0edd16de5128/IGVFFI3242QDPF.h5ad
IGVFFI8547DDON	processed	IGVFDS9271IEUD	C39	16	C39:16	methylation counts	tsv	150114995	1e0c052ca8e3f3932c03d95fd3d37a16	https://api.data.igvf.org/tabular-files/IGVFFI8547DDON/@@download/IGVFFI8547DDON.tsv.gz	s3://igvf-public/2026/01/28/a87289c2-df3b-4723-91db-e5bdde9e0aac/IGVFFI8547DDON.tsv.gz
IGVFFI9710EOVF	processed	IGVFDS9271IEUD	C39	16	C39:16	per-cell quality report	tsv	766112	07fe44eb46302e5648cf32c93c1827cf	https://api.data.igvf.org/tabular-files/IGVFFI9710EOVF/@@download/IGVFFI9710EOVF.tsv.gz	s3://igvf-public/2026/07/31/e7ea140b-7e7a-48cb-936d-9f2b6316dd51/IGVFFI9710EOVF.tsv.gz
IGVFFI0339UPVG	processed	IGVFDS2417QOAI	C39	18	C39:18	alignments	bam	46362600580	b83e76efd02d2d72151b9a2601c7c864	https://api.data.igvf.org/alignment-files/IGVFFI0339UPVG/@@download/IGVFFI0339UPVG.bam	s3://igvf-public/2026/01/28/4e7749a8-1845-49bc-b3ac-4f8b5f0ac6d9/IGVFFI0339UPVG.bam
IGVFFI5954UBCM	processed	IGVFDS2417QOAI	C39	18	C39:18	alignments	bam	1699028402	f5f2402d5b444acbbbe0ee55091505d8	https://api.data.igvf.org/alignment-files/IGVFFI5954UBCM/@@download/IGVFFI5954UBCM.bam	s3://igvf-public/2026/02/03/1a586cb3-2753-4538-97eb-efdd8e7c37b0/IGVFFI5954UBCM.bam
IGVFFI8823YPRN	processed	IGVFDS2417QOAI	C39	18	C39:18	cell by bin methylation count matrix	h5ad	8039472	a41d435642696e2f89eefd386b93510f	https://api.data.igvf.org/matrix-files/IGVFFI8823YPRN/@@download/IGVFFI8823YPRN.h5ad	s3://igvf-public/2026/01/28/3375b2ac-d4c4-4750-b47d-969855f6539f/IGVFFI8823YPRN.h5ad
IGVFFI1752IRBE	processed	IGVFDS2417QOAI	C39	18	C39:18	cell by gene matrix	h5ad	10730600	848d5f9e562d01bc51c76dfe16c97953	https://api.data.igvf.org/matrix-files/IGVFFI1752IRBE/@@download/IGVFFI1752IRBE.h5ad	s3://igvf-public/2026/01/28/b1beede4-0343-43d6-bb89-e9f513940260/IGVFFI1752IRBE.h5ad
IGVFFI9297NSLW	processed	IGVFDS2417QOAI	C39	18	C39:18	cell by position methylation count matrix	h5ad	10981463528	852a877dbf681676d762d72aca16af84	https://api.data.igvf.org/matrix-files/IGVFFI9297NSLW/@@download/IGVFFI9297NSLW.h5ad	s3://igvf-public/2026/02/17/b7ffcc6a-ae25-46ac-8d00-c5d1bb036a4d/IGVFFI9297NSLW.h5ad
IGVFFI7889OMJF	processed	IGVFDS2417QOAI	C39	18	C39:18	methylation counts	tsv	151479191	0be00875a72167dca9e03bb8568f396b	https://api.data.igvf.org/tabular-files/IGVFFI7889OMJF/@@download/IGVFFI7889OMJF.tsv.gz	s3://igvf-public/2026/01/28/53399793-d52e-44f6-9af6-cf8d2d5465d4/IGVFFI7889OMJF.tsv.gz
IGVFFI1648FRRE	processed	IGVFDS2417QOAI	C39	18	C39:18	per-cell quality report	tsv	750677	fc6c79a6d1a37bdffda25891df2f5ca5	https://api.data.igvf.org/tabular-files/IGVFFI1648FRRE/@@download/IGVFFI1648FRRE.tsv.gz	s3://igvf-public/2026/07/31/7949f51e-6852-43e4-8b46-4e1fc89e9665/IGVFFI1648FRRE.tsv.gz
IGVFFI0399PVPS	processed	IGVFDS5065NYGN	C39	1	C39:1	alignments	bam	46054621238	b1ec8b293b1e0221fccc3a0d92535e37	https://api.data.igvf.org/alignment-files/IGVFFI0399PVPS/@@download/IGVFFI0399PVPS.bam	s3://igvf-public/2026/01/28/871c0c15-a2ea-4c16-9c45-0e2967c5ee88/IGVFFI0399PVPS.bam
IGVFFI7445VDSY	processed	IGVFDS5065NYGN	C39	1	C39:1	alignments	bam	4778503090	48e66048fe51ca59111ee004260b951a	https://api.data.igvf.org/alignment-files/IGVFFI7445VDSY/@@download/IGVFFI7445VDSY.bam	s3://igvf-public/2026/02/03/a9843079-3143-4701-942c-0171bb6fdeda/IGVFFI7445VDSY.bam
IGVFFI8768YDQQ	processed	IGVFDS5065NYGN	C39	1	C39:1	cell by bin methylation count matrix	h5ad	81020624	f3b94c877c2bf628c7b7c707e0346713	https://api.data.igvf.org/matrix-files/IGVFFI8768YDQQ/@@download/IGVFFI8768YDQQ.h5ad	s3://igvf-public/2026/01/28/8a9b3af8-e76a-4126-b180-d6297addac53/IGVFFI8768YDQQ.h5ad
IGVFFI3272ZGJA	processed	IGVFDS5065NYGN	C39	1	C39:1	cell by gene matrix	h5ad	49879296	b448113b8f04962e246693b7373c3b1e	https://api.data.igvf.org/matrix-files/IGVFFI3272ZGJA/@@download/IGVFFI3272ZGJA.h5ad	s3://igvf-public/2026/01/28/e13fe89c-41ee-451b-90d6-5a2ee2dfb680/IGVFFI3272ZGJA.h5ad
IGVFFI2615YPTB	processed	IGVFDS5065NYGN	C39	1	C39:1	cell by position methylation count matrix	h5ad	11085272552	c2fc35752f767631f6f2b3c1922c1bf4	https://api.data.igvf.org/matrix-files/IGVFFI2615YPTB/@@download/IGVFFI2615YPTB.h5ad	s3://igvf-public/2026/02/17/2ebbffcf-d5c9-483a-abc3-eb8c05e9224b/IGVFFI2615YPTB.h5ad
IGVFFI3226CKHU	processed	IGVFDS5065NYGN	C39	1	C39:1	methylation counts	tsv	151817276	ecaece7583ee6ad385391ec85cd1187a	https://api.data.igvf.org/tabular-files/IGVFFI3226CKHU/@@download/IGVFFI3226CKHU.tsv.gz	s3://igvf-public/2026/01/28/078d93a4-63d6-4058-928b-410be7dd1e0c/IGVFFI3226CKHU.tsv.gz
IGVFFI6756LIHC	processed	IGVFDS5065NYGN	C39	1	C39:1	per-cell quality report	tsv	809151	c70a1977961872e9ef8a2b0d3497f86c	https://api.data.igvf.org/tabular-files/IGVFFI6756LIHC/@@download/IGVFFI6756LIHC.tsv.gz	s3://igvf-public/2026/07/31/33abaf83-bb7e-406e-8083-2087350de7f3/IGVFFI6756LIHC.tsv.gz
IGVFFI4575IYVM	processed	IGVFDS5772TRJZ	C39	3	C39:3	alignments	bam	4398139203	7f972b5dca06c461b8031c40809bfef8	https://api.data.igvf.org/alignment-files/IGVFFI4575IYVM/@@download/IGVFFI4575IYVM.bam	s3://igvf-public/2026/02/03/1f903e36-d76f-4882-bd0a-6288f05e6cb7/IGVFFI4575IYVM.bam
IGVFFI7135MLCY	processed	IGVFDS5772TRJZ	C39	3	C39:3	alignments	bam	47101382105	30be36673db8e966108598bd7f7af574	https://api.data.igvf.org/alignment-files/IGVFFI7135MLCY/@@download/IGVFFI7135MLCY.bam	s3://igvf-public/2026/01/28/68930c3f-4d15-4092-a61d-364cc94861f6/IGVFFI7135MLCY.bam
IGVFFI4744EQWP	processed	IGVFDS5772TRJZ	C39	3	C39:3	cell by bin methylation count matrix	h5ad	80215232	5af23df6eb2496bb9e9d8a4151b7bc32	https://api.data.igvf.org/matrix-files/IGVFFI4744EQWP/@@download/IGVFFI4744EQWP.h5ad	s3://igvf-public/2026/01/28/820081cc-69a2-49f2-88a6-e5b8cbaed23c/IGVFFI4744EQWP.h5ad
IGVFFI3199MXZC	processed	IGVFDS5772TRJZ	C39	3	C39:3	cell by gene matrix	h5ad	45648852	eb5b01dc7f7f50d59dcf594d7237ef3a	https://api.data.igvf.org/matrix-files/IGVFFI3199MXZC/@@download/IGVFFI3199MXZC.h5ad	s3://igvf-public/2026/01/28/e80fdd66-2da6-4cb3-9304-38fbf08ca812/IGVFFI3199MXZC.h5ad
IGVFFI6108EHGI	processed	IGVFDS5772TRJZ	C39	3	C39:3	cell by position methylation count matrix	h5ad	11304293864	39abe48d86c9dbd0a8bfe481926db367	https://api.data.igvf.org/matrix-files/IGVFFI6108EHGI/@@download/IGVFFI6108EHGI.h5ad	s3://igvf-public/2026/02/17/ca032bf2-e119-42f0-a29f-bff912817ebc/IGVFFI6108EHGI.h5ad
IGVFFI9266LNDR	processed	IGVFDS5772TRJZ	C39	3	C39:3	methylation counts	tsv	152073576	49d5e8fa66d7af0bd922ffb090bc3dcd	https://api.data.igvf.org/tabular-files/IGVFFI9266LNDR/@@download/IGVFFI9266LNDR.tsv.gz	s3://igvf-public/2026/01/28/72bf788a-de1a-4430-9d19-f2277970cb54/IGVFFI9266LNDR.tsv.gz
IGVFFI5473SKIL	processed	IGVFDS5772TRJZ	C39	3	C39:3	per-cell quality report	tsv	824776	ba144daaa3984796c9056a54650978fc	https://api.data.igvf.org/tabular-files/IGVFFI5473SKIL/@@download/IGVFFI5473SKIL.tsv.gz	s3://igvf-public/2026/07/31/90ccfd99-5295-477f-85df-d3325234c8a0/IGVFFI5473SKIL.tsv.gz
IGVFFI7123VIIW	processed	IGVFDS1282YVCS	C39	5	C39:5	alignments	bam	5775058830	ad71bb53243245c2cf70c0fee1390ebf	https://api.data.igvf.org/alignment-files/IGVFFI7123VIIW/@@download/IGVFFI7123VIIW.bam	s3://igvf-public/2026/02/03/b075fe43-793e-4b13-b87c-290c2a7cc716/IGVFFI7123VIIW.bam
IGVFFI7712SNDL	processed	IGVFDS1282YVCS	C39	5	C39:5	alignments	bam	42065366525	5cf67ce5211579ea26ac3eccb786c5d5	https://api.data.igvf.org/alignment-files/IGVFFI7712SNDL/@@download/IGVFFI7712SNDL.bam	s3://igvf-public/2026/01/28/e774527a-ddbf-4a7f-973e-2823ebf919e3/IGVFFI7712SNDL.bam
IGVFFI7877HVEW	processed	IGVFDS1282YVCS	C39	5	C39:5	cell by bin methylation count matrix	h5ad	72621536	51f5dc016c7c5d7a174b10b66c734731	https://api.data.igvf.org/matrix-files/IGVFFI7877HVEW/@@download/IGVFFI7877HVEW.h5ad	s3://igvf-public/2026/01/28/25c30871-5449-47cb-9dac-7b368cb5aa23/IGVFFI7877HVEW.h5ad
IGVFFI2234HCQQ	processed	IGVFDS1282YVCS	C39	5	C39:5	cell by gene matrix	h5ad	43718464	b25240360dcc809c778d06b5071ebd85	https://api.data.igvf.org/matrix-files/IGVFFI2234HCQQ/@@download/IGVFFI2234HCQQ.h5ad	s3://igvf-public/2026/01/28/1d0a6612-84e6-4f78-b05b-192b7110468d/IGVFFI2234HCQQ.h5ad
IGVFFI8958OSBB	processed	IGVFDS1282YVCS	C39	5	C39:5	cell by position methylation count matrix	h5ad	10105825904	d2b62704050c8e564aa0f2a00ab10b49	https://api.data.igvf.org/matrix-files/IGVFFI8958OSBB/@@download/IGVFFI8958OSBB.h5ad	s3://igvf-public/2026/02/17/0d38216b-9a13-4d7c-acff-6afe0c5aa96e/IGVFFI8958OSBB.h5ad
IGVFFI6186MSTD	processed	IGVFDS1282YVCS	C39	5	C39:5	methylation counts	tsv	150070598	aadeda84743a161723c2fb6a7211ec00	https://api.data.igvf.org/tabular-files/IGVFFI6186MSTD/@@download/IGVFFI6186MSTD.tsv.gz	s3://igvf-public/2026/01/28/e51e5dd7-0905-4fb1-92e0-a6796b98663c/IGVFFI6186MSTD.tsv.gz
IGVFFI0448EFHE	processed	IGVFDS1282YVCS	C39	5	C39:5	per-cell quality report	tsv	756552	ff73f2cb740a70d3612df52dffdd6fd3	https://api.data.igvf.org/tabular-files/IGVFFI0448EFHE/@@download/IGVFFI0448EFHE.tsv.gz	s3://igvf-public/2026/07/31/a31578ba-6131-4527-8141-e02101f7eff6/IGVFFI0448EFHE.tsv.gz
IGVFFI5063AMPD	processed	IGVFDS6740HVHW	C39	7	C39:7	alignments	bam	44828537500	b927e0139080c678d9299c1d8086a722	https://api.data.igvf.org/alignment-files/IGVFFI5063AMPD/@@download/IGVFFI5063AMPD.bam	s3://igvf-public/2026/01/28/673c4751-e12f-4f86-9c5d-9ee2de23dd8f/IGVFFI5063AMPD.bam
IGVFFI6287CEKY	processed	IGVFDS6740HVHW	C39	7	C39:7	alignments	bam	6228280998	60a9462aca25d6501a2ddf09e9c481e5	https://api.data.igvf.org/alignment-files/IGVFFI6287CEKY/@@download/IGVFFI6287CEKY.bam	s3://igvf-public/2026/02/03/5559bede-1f9a-414f-8276-7341465ddcd2/IGVFFI6287CEKY.bam
IGVFFI0229MGYK	processed	IGVFDS6740HVHW	C39	7	C39:7	cell by bin methylation count matrix	h5ad	69860192	e5ac708a820510e385a5bdb30596f121	https://api.data.igvf.org/matrix-files/IGVFFI0229MGYK/@@download/IGVFFI0229MGYK.h5ad	s3://igvf-public/2026/01/28/553b248f-7138-4603-970e-9b4365b52ae9/IGVFFI0229MGYK.h5ad
IGVFFI0809BVAP	processed	IGVFDS6740HVHW	C39	7	C39:7	cell by gene matrix	h5ad	42610332	c6b5d0725964b702b399b5d59635d41e	https://api.data.igvf.org/matrix-files/IGVFFI0809BVAP/@@download/IGVFFI0809BVAP.h5ad	s3://igvf-public/2026/01/28/2116f807-8ee6-4143-af17-5cfb60579037/IGVFFI0809BVAP.h5ad
IGVFFI4388FKGB	processed	IGVFDS6740HVHW	C39	7	C39:7	cell by position methylation count matrix	h5ad	10698315336	7e1a5388bc1d8d78a139f7ca09a8747c	https://api.data.igvf.org/matrix-files/IGVFFI4388FKGB/@@download/IGVFFI4388FKGB.h5ad	s3://igvf-public/2026/02/17/10abfdd2-33c9-4747-9ddc-29641563653f/IGVFFI4388FKGB.h5ad
IGVFFI1905RPQV	processed	IGVFDS6740HVHW	C39	7	C39:7	methylation counts	tsv	151234533	5099f791ba5b87ae7881f7b9c3ac5571	https://api.data.igvf.org/tabular-files/IGVFFI1905RPQV/@@download/IGVFFI1905RPQV.tsv.gz	s3://igvf-public/2026/01/28/215f35df-9c3e-4019-bb3e-462806cf9843/IGVFFI1905RPQV.tsv.gz
IGVFFI0144DTTG	processed	IGVFDS6740HVHW	C39	7	C39:7	per-cell quality report	tsv	784761	500230a4f8de7595335eeafc99f7ef23	https://api.data.igvf.org/tabular-files/IGVFFI0144DTTG/@@download/IGVFFI0144DTTG.tsv.gz	s3://igvf-public/2026/07/31/d0788dd2-5201-48c5-9ece-7c0848674c6b/IGVFFI0144DTTG.tsv.gz
IGVFFI5185NYJK	processed	IGVFDS1997CBJO	C39	9	C39:9	alignments	bam	35894423005	811aa7269e6bcdb950074327a6c8a243	https://api.data.igvf.org/alignment-files/IGVFFI5185NYJK/@@download/IGVFFI5185NYJK.bam	s3://igvf-public/2026/01/28/e04a6bbb-1831-4d99-9286-2846a836dbfd/IGVFFI5185NYJK.bam
IGVFFI8331AQXP	processed	IGVFDS1997CBJO	C39	9	C39:9	alignments	bam	3206718999	9e80c8b8ab7ecfe37fc00ad3dd143ec9	https://api.data.igvf.org/alignment-files/IGVFFI8331AQXP/@@download/IGVFFI8331AQXP.bam	s3://igvf-public/2026/02/03/592770ac-26b0-4e82-9495-075405886db4/IGVFFI8331AQXP.bam
IGVFFI5221YBLI	processed	IGVFDS1997CBJO	C39	9	C39:9	cell by bin methylation count matrix	h5ad	71125808	7a74026fdb3a2f990baf6e1eecab6853	https://api.data.igvf.org/matrix-files/IGVFFI5221YBLI/@@download/IGVFFI5221YBLI.h5ad	s3://igvf-public/2026/01/28/65e9e197-c258-4077-b476-57f6da19886b/IGVFFI5221YBLI.h5ad
IGVFFI3995AEOK	processed	IGVFDS1997CBJO	C39	9	C39:9	cell by gene matrix	h5ad	43546612	74366ed90c7394f2ed311278291d7dc2	https://api.data.igvf.org/matrix-files/IGVFFI3995AEOK/@@download/IGVFFI3995AEOK.h5ad	s3://igvf-public/2026/01/28/bbd3fd15-ab7b-4538-86ca-3a7df9b8ac70/IGVFFI3995AEOK.h5ad
IGVFFI5057SVAT	processed	IGVFDS1997CBJO	C39	9	C39:9	cell by position methylation count matrix	h5ad	8394047248	fc7f63c882ba61d09787666387adb35f	https://api.data.igvf.org/matrix-files/IGVFFI5057SVAT/@@download/IGVFFI5057SVAT.h5ad	s3://igvf-public/2026/02/17/0be15b5f-3f2d-4682-be30-00c70528e152/IGVFFI5057SVAT.h5ad
IGVFFI9988VFEE	processed	IGVFDS1997CBJO	C39	9	C39:9	methylation counts	tsv	146376493	f8a2c8f64aebdfbd957ade4eeac09a4c	https://api.data.igvf.org/tabular-files/IGVFFI9988VFEE/@@download/IGVFFI9988VFEE.tsv.gz	s3://igvf-public/2026/01/28/6fb94801-1dc8-4313-9ff2-a4fbcc9b510c/IGVFFI9988VFEE.tsv.gz
IGVFFI3303IQOA	processed	IGVFDS1997CBJO	C39	9	C39:9	per-cell quality report	tsv	728208	ddf6d6a5aaacae1ee42f2cda735ca7cd	https://api.data.igvf.org/tabular-files/IGVFFI3303IQOA/@@download/IGVFFI3303IQOA.tsv.gz	s3://igvf-public/2026/07/31/4dd97f89-3b39-4acc-9ba5-3beabddd4361/IGVFFI3303IQOA.tsv.gz
