file_accession	tier	file_set	donors	days	content_type	file_format	size_bytes	md5sum	download_url	s3_uri
IGVFFI0067IVWD	raw	IGVFDS2539NGEA	C29;C37;C38;C39	9;14;16;18	reads	fastq	17709797980	3eeea9282a296bc4ca07d0c8fe8762b1	https://api.data.igvf.org/sequence-files/IGVFFI0067IVWD/@@download/IGVFFI0067IVWD.fastq.gz	s3://igvf-public/2025/02/05/680a7c4e-53b9-495c-8f1a-be20fda31b6e/IGVFFI0067IVWD.fastq.gz
IGVFFI1992AHQP	raw	IGVFDS2539NGEA	C29;C37;C38;C39	9;14;16;18	reads	fastq	14311585754	c847319f9fe470e4e2aef0f8a431cfbb	https://api.data.igvf.org/sequence-files/IGVFFI1992AHQP/@@download/IGVFFI1992AHQP.fastq.gz	s3://igvf-public/2025/02/05/925d2d2f-a0d0-4e35-af52-d212cc109256/IGVFFI1992AHQP.fastq.gz
IGVFFI1905WKWE	raw	IGVFDS2539NGEA	C29;C37;C38;C39	9;14;16;18	seqspec	yaml	1401	33252b6b556149b339419e0cffb800b4	https://api.data.igvf.org/configuration-files/IGVFFI1905WKWE/@@download/IGVFFI1905WKWE.yaml.gz	s3://igvf-public/2025/02/09/172b40c4-0a3f-41d5-8627-ed814becf9db/IGVFFI1905WKWE.yaml.gz
IGVFFI9510ITUK	raw	IGVFDS2539NGEA	C29;C37;C38;C39	9;14;16;18	seqspec	yaml	1243	9062d30d256a84f5012047984ac848b2	https://api.data.igvf.org/configuration-files/IGVFFI9510ITUK/@@download/IGVFFI9510ITUK.yaml.gz	s3://igvf-public/2025/09/15/4ce39220-6655-4fdf-a139-e8bd2423d8ca/IGVFFI9510ITUK.yaml.gz
IGVFFI0361ZWBQ	raw	IGVFDS1708HBUM	C29;C37;C38;C39	9;14;16;18	reads	fastq	15601156887	670826ab290bb5aa3dcdf077a3be74c2	https://api.data.igvf.org/sequence-files/IGVFFI0361ZWBQ/@@download/IGVFFI0361ZWBQ.fastq.gz	s3://igvf-public/2025/02/05/25b9fa99-c449-4aea-9dcd-5b67beffdfb1/IGVFFI0361ZWBQ.fastq.gz
IGVFFI0654BEJI	raw	IGVFDS1708HBUM	C29;C37;C38;C39	9;14;16;18	reads	fastq	2052107483	40b0300f0450fc0354819c969ea0fde1	https://api.data.igvf.org/sequence-files/IGVFFI0654BEJI/@@download/IGVFFI0654BEJI.fastq.gz	s3://igvf-public/2025/02/05/3581ead6-3136-4734-9846-42822c789ef6/IGVFFI0654BEJI.fastq.gz
IGVFFI0696RGWL	raw	IGVFDS1708HBUM	C29;C37;C38;C39	9;14;16;18	reads	fastq	2107902704	244bb560239d48e7a6f5d8a047dbc63e	https://api.data.igvf.org/sequence-files/IGVFFI0696RGWL/@@download/IGVFFI0696RGWL.fastq.gz	s3://igvf-public/2025/02/05/9e13206b-7d35-48eb-868f-406e6d1183fe/IGVFFI0696RGWL.fastq.gz
IGVFFI2031DLHA	raw	IGVFDS1708HBUM	C29;C37;C38;C39	9;14;16;18	reads	fastq	4986376493	22fab50aca16ce86b7ef99c75fc46ebf	https://api.data.igvf.org/sequence-files/IGVFFI2031DLHA/@@download/IGVFFI2031DLHA.fastq.gz	s3://igvf-public/2025/02/05/6086cf4c-0725-4162-9609-3aca1140079f/IGVFFI2031DLHA.fastq.gz
IGVFFI5450UZGC	raw	IGVFDS1708HBUM	C29;C37;C38;C39	9;14;16;18	reads	fastq	15516230066	88aa5aba90ec166ccaf5d6a6fa0a4bfe	https://api.data.igvf.org/sequence-files/IGVFFI5450UZGC/@@download/IGVFFI5450UZGC.fastq.gz	s3://igvf-public/2025/02/05/3a011998-31e4-4d43-a946-355cc9a14d75/IGVFFI5450UZGC.fastq.gz
IGVFFI5550KYFE	raw	IGVFDS1708HBUM	C29;C37;C38;C39	9;14;16;18	reads	fastq	15032500217	445ab1ac4cbf21c919cecd75d6cce2df	https://api.data.igvf.org/sequence-files/IGVFFI5550KYFE/@@download/IGVFFI5550KYFE.fastq.gz	s3://igvf-public/2025/02/05/88baa8ee-91a9-49e5-a7a6-29d42413111b/IGVFFI5550KYFE.fastq.gz
IGVFFI6810QMCJ	raw	IGVFDS1708HBUM	C29;C37;C38;C39	9;14;16;18	reads	fastq	16045090640	45d4acf1559a03c1f847d45c7aae8f2a	https://api.data.igvf.org/sequence-files/IGVFFI6810QMCJ/@@download/IGVFFI6810QMCJ.fastq.gz	s3://igvf-public/2025/02/05/b01b8fb9-dcaa-42c1-b12a-d4ea67e75ae3/IGVFFI6810QMCJ.fastq.gz
IGVFFI8146IVMO	raw	IGVFDS1708HBUM	C29;C37;C38;C39	9;14;16;18	reads	fastq	4842083908	db2cef290bb193a5b137d7db601d5f9f	https://api.data.igvf.org/sequence-files/IGVFFI8146IVMO/@@download/IGVFFI8146IVMO.fastq.gz	s3://igvf-public/2025/02/05/105d48ad-65cc-48b3-b45a-14132a3dc9ed/IGVFFI8146IVMO.fastq.gz
IGVFFI0694QHEW	raw	IGVFDS1708HBUM	C29;C37;C38;C39	9;14;16;18	seqspec	yaml	1310	8674d3cfff6a2fbdc7b8abd4d126ad1c	https://api.data.igvf.org/configuration-files/IGVFFI0694QHEW/@@download/IGVFFI0694QHEW.yaml.gz	s3://igvf-public/2025/09/15/8fdad394-9889-47bb-8595-f816744367d5/IGVFFI0694QHEW.yaml.gz
IGVFFI3851HVNG	raw	IGVFDS1708HBUM	C29;C37;C38;C39	9;14;16;18	seqspec	yaml	1395	963931e1bb908729b7ac941faee231aa	https://api.data.igvf.org/configuration-files/IGVFFI3851HVNG/@@download/IGVFFI3851HVNG.yaml.gz	s3://igvf-public/2026/02/04/b4620742-31d8-4618-938d-abae27c62345/IGVFFI3851HVNG.yaml.gz
IGVFFI6921SZCR	raw	IGVFDS1708HBUM	C29;C37;C38;C39	9;14;16;18	seqspec	yaml	1296	ec922f1c4b5233e4f271612fe9a6a5d4	https://api.data.igvf.org/configuration-files/IGVFFI6921SZCR/@@download/IGVFFI6921SZCR.yaml.gz	s3://igvf-public/2025/03/19/7ee20abb-e92d-4c4f-aba8-a9bc54bad119/IGVFFI6921SZCR.yaml.gz
IGVFFI8562QGQB	raw	IGVFDS1708HBUM	C29;C37;C38;C39	9;14;16;18	seqspec	yaml	1293	72280be9420b3decf2dcdb5e5feebcfb	https://api.data.igvf.org/configuration-files/IGVFFI8562QGQB/@@download/IGVFFI8562QGQB.yaml.gz	s3://igvf-public/2025/03/19/71ebe255-735b-42f5-a51d-017240b7ad90/IGVFFI8562QGQB.yaml.gz
IGVFFI8891ZXZQ	raw	IGVFDS1708HBUM	C29;C37;C38;C39	9;14;16;18	seqspec	yaml	1393	c96c214da8155666e0ab73e1244b8c96	https://api.data.igvf.org/configuration-files/IGVFFI8891ZXZQ/@@download/IGVFFI8891ZXZQ.yaml.gz	s3://igvf-public/2026/02/04/f91a9117-ba60-4455-b439-093ff097b99c/IGVFFI8891ZXZQ.yaml.gz
IGVFFI4406NYDE	raw	IGVFDS9374IPYD	C29;C37;C38;C39	9;12;14;18	reads	fastq	14919402560	bb957b092b20544bd3e7d7b7c6e80963	https://api.data.igvf.org/sequence-files/IGVFFI4406NYDE/@@download/IGVFFI4406NYDE.fastq.gz	s3://igvf-public/2025/02/05/66f14cee-c8e3-49b5-8c01-d7b5aec5de45/IGVFFI4406NYDE.fastq.gz
IGVFFI6075HKEZ	raw	IGVFDS9374IPYD	C29;C37;C38;C39	9;12;14;18	reads	fastq	18354614897	a86d70d14273d896b4424606aabe12ee	https://api.data.igvf.org/sequence-files/IGVFFI6075HKEZ/@@download/IGVFFI6075HKEZ.fastq.gz	s3://igvf-public/2025/02/05/834a379c-d033-4f52-8441-f042130f6056/IGVFFI6075HKEZ.fastq.gz
IGVFFI2070YRDB	raw	IGVFDS9374IPYD	C29;C37;C38;C39	9;12;14;18	seqspec	yaml	1404	28a4f64e8024ddc459e30ea83755124b	https://api.data.igvf.org/configuration-files/IGVFFI2070YRDB/@@download/IGVFFI2070YRDB.yaml.gz	s3://igvf-public/2025/02/09/99050986-d9a2-48aa-90e4-23a7ac708dea/IGVFFI2070YRDB.yaml.gz
IGVFFI2881SDTF	raw	IGVFDS9374IPYD	C29;C37;C38;C39	9;12;14;18	seqspec	yaml	1245	d5a2f4404005576b7ef8ef3ccd7070d3	https://api.data.igvf.org/configuration-files/IGVFFI2881SDTF/@@download/IGVFFI2881SDTF.yaml.gz	s3://igvf-public/2025/09/15/5974b82d-cba0-4c59-8234-f6dba3e4f52a/IGVFFI2881SDTF.yaml.gz
IGVFFI0942KGEP	raw	IGVFDS4275VNMS	C29;C37;C38;C39	9;12;14;18	reads	fastq	16785518388	47e6988ff333fca038c5426698085f55	https://api.data.igvf.org/sequence-files/IGVFFI0942KGEP/@@download/IGVFFI0942KGEP.fastq.gz	s3://igvf-public/2025/02/04/9e6bff77-e38d-4856-b432-d6c9401adfad/IGVFFI0942KGEP.fastq.gz
IGVFFI1265JCFG	raw	IGVFDS4275VNMS	C29;C37;C38;C39	9;12;14;18	reads	fastq	5481750443	cb93aa44e9175c00b02e983d5042b991	https://api.data.igvf.org/sequence-files/IGVFFI1265JCFG/@@download/IGVFFI1265JCFG.fastq.gz	s3://igvf-public/2025/02/04/c4322ef1-4993-4181-8798-fc136c535b92/IGVFFI1265JCFG.fastq.gz
IGVFFI2252FYMJ	raw	IGVFDS4275VNMS	C29;C37;C38;C39	9;12;14;18	reads	fastq	2269435076	f006e94dc2dcfe8452ce9d6ee67b1fa2	https://api.data.igvf.org/sequence-files/IGVFFI2252FYMJ/@@download/IGVFFI2252FYMJ.fastq.gz	s3://igvf-public/2025/02/04/9640a8a8-30b8-4970-a82e-fd0184efb5ed/IGVFFI2252FYMJ.fastq.gz
IGVFFI2494WHLS	raw	IGVFDS4275VNMS	C29;C37;C38;C39	9;12;14;18	reads	fastq	2245042386	d4c60322f7376178d61be665ef8a0468	https://api.data.igvf.org/sequence-files/IGVFFI2494WHLS/@@download/IGVFFI2494WHLS.fastq.gz	s3://igvf-public/2025/02/04/79c71e46-5c1c-4a7c-966a-1eeb3d7a018c/IGVFFI2494WHLS.fastq.gz
IGVFFI4179OBQD	raw	IGVFDS4275VNMS	C29;C37;C38;C39	9;12;14;18	reads	fastq	16969499275	9d6acd9d06cb008a148ca734280b464f	https://api.data.igvf.org/sequence-files/IGVFFI4179OBQD/@@download/IGVFFI4179OBQD.fastq.gz	s3://igvf-public/2025/02/04/3735c254-be03-416a-a44d-b2688642dbb1/IGVFFI4179OBQD.fastq.gz
IGVFFI5221QVXJ	raw	IGVFDS4275VNMS	C29;C37;C38;C39	9;12;14;18	reads	fastq	5537918331	c25ca127504eabe6a2d77b5fb1fcf456	https://api.data.igvf.org/sequence-files/IGVFFI5221QVXJ/@@download/IGVFFI5221QVXJ.fastq.gz	s3://igvf-public/2025/02/04/36f5d8ea-6c14-40b9-9e07-70752a5564e8/IGVFFI5221QVXJ.fastq.gz
IGVFFI7086BBQA	raw	IGVFDS4275VNMS	C29;C37;C38;C39	9;12;14;18	reads	fastq	17730779485	a729ca82fddac1f0e03c94b088ea89da	https://api.data.igvf.org/sequence-files/IGVFFI7086BBQA/@@download/IGVFFI7086BBQA.fastq.gz	s3://igvf-public/2025/02/04/4362035a-c775-4511-8967-53fbb92fab04/IGVFFI7086BBQA.fastq.gz
IGVFFI7476DXMY	raw	IGVFDS4275VNMS	C29;C37;C38;C39	9;12;14;18	reads	fastq	17868971191	3f4cd4a51be039c56954b6d6ba34da8e	https://api.data.igvf.org/sequence-files/IGVFFI7476DXMY/@@download/IGVFFI7476DXMY.fastq.gz	s3://igvf-public/2025/02/04/eefb6e11-3a50-43a8-9886-6344e887d6af/IGVFFI7476DXMY.fastq.gz
IGVFFI2599MJKI	raw	IGVFDS4275VNMS	C29;C37;C38;C39	9;12;14;18	seqspec	yaml	1396	8d19d0578cbb3600c2ab508397d295cd	https://api.data.igvf.org/configuration-files/IGVFFI2599MJKI/@@download/IGVFFI2599MJKI.yaml.gz	s3://igvf-public/2026/02/04/e195b599-09e1-434b-aecc-31bf61856072/IGVFFI2599MJKI.yaml.gz
IGVFFI4228OLOH	raw	IGVFDS4275VNMS	C29;C37;C38;C39	9;12;14;18	seqspec	yaml	1393	33ae7d395ecef5b856ebe8e7c435dca0	https://api.data.igvf.org/configuration-files/IGVFFI4228OLOH/@@download/IGVFFI4228OLOH.yaml.gz	s3://igvf-public/2026/02/04/5af45c02-d6eb-4e86-ab44-7740c10cf631/IGVFFI4228OLOH.yaml.gz
IGVFFI7852PGPM	raw	IGVFDS4275VNMS	C29;C37;C38;C39	9;12;14;18	seqspec	yaml	1296	fa9b49d0962b9b0642fca71167b860b4	https://api.data.igvf.org/configuration-files/IGVFFI7852PGPM/@@download/IGVFFI7852PGPM.yaml.gz	s3://igvf-public/2025/03/19/0611ddc9-1a57-4182-8e36-4a1a9e7bfd0d/IGVFFI7852PGPM.yaml.gz
IGVFFI8025OWTD	raw	IGVFDS4275VNMS	C29;C37;C38;C39	9;12;14;18	seqspec	yaml	1295	f9ed9671297aa3b7c62cf47fadba2bf8	https://api.data.igvf.org/configuration-files/IGVFFI8025OWTD/@@download/IGVFFI8025OWTD.yaml.gz	s3://igvf-public/2025/03/19/0041eb92-752c-49c0-bc50-27d989bdc6b7/IGVFFI8025OWTD.yaml.gz
IGVFFI8353NXDR	raw	IGVFDS4275VNMS	C29;C37;C38;C39	9;12;14;18	seqspec	yaml	1311	b6d2ace8a8a6a55e06a4a43ddb8d0053	https://api.data.igvf.org/configuration-files/IGVFFI8353NXDR/@@download/IGVFFI8353NXDR.yaml.gz	s3://igvf-public/2025/09/15/d70da01e-a00a-4e30-bf91-ea991e39d271/IGVFFI8353NXDR.yaml.gz
IGVFFI1021YFOU	raw	IGVFDS8008ALDH	C29;C37;C38;C39	0;1;5;7	reads	fastq	16901715338	fa465e4c6fe4001a3987bdb8c6b7f6d7	https://api.data.igvf.org/sequence-files/IGVFFI1021YFOU/@@download/IGVFFI1021YFOU.fastq.gz	s3://igvf-public/2024/11/15/ab779ec6-4490-4928-8a29-afb2e1509551/IGVFFI1021YFOU.fastq.gz
IGVFFI4270SXQR	raw	IGVFDS8008ALDH	C29;C37;C38;C39	0;1;5;7	reads	fastq	13859416438	e0d4af7276c15e0104efe262ba592034	https://api.data.igvf.org/sequence-files/IGVFFI4270SXQR/@@download/IGVFFI4270SXQR.fastq.gz	s3://igvf-public/2025/01/17/8c8147d1-c5c5-4e4c-bdb1-41dab670db6a/IGVFFI4270SXQR.fastq.gz
IGVFFI2467RGAC	raw	IGVFDS8008ALDH	C29;C37;C38;C39	0;1;5;7	seqspec	yaml	1401	52b2f20a99b91ad739eb6bbc76f35c64	https://api.data.igvf.org/configuration-files/IGVFFI2467RGAC/@@download/IGVFFI2467RGAC.yaml.gz	s3://igvf-public/2025/02/09/73c5cbae-037c-49ee-a4c7-c115be694975/IGVFFI2467RGAC.yaml.gz
IGVFFI7066WFLM	raw	IGVFDS8008ALDH	C29;C37;C38;C39	0;1;5;7	seqspec	yaml	1242	8371e9c3913a276272e2f8fd86e4728b	https://api.data.igvf.org/configuration-files/IGVFFI7066WFLM/@@download/IGVFFI7066WFLM.yaml.gz	s3://igvf-public/2025/09/15/95cab4bd-9cb2-497d-ad7b-d5d91f7936c9/IGVFFI7066WFLM.yaml.gz
IGVFFI0023OOAD	raw	IGVFDS6282JZAK	C29;C37;C38;C39	0;1;5;7	reads	fastq	14238258290	b19e39c1e46d956c00f04cfcf3f0a43c	https://api.data.igvf.org/sequence-files/IGVFFI0023OOAD/@@download/IGVFFI0023OOAD.fastq.gz	s3://igvf-public/2025/02/04/063104fd-e699-457c-87f3-f8a04798e757/IGVFFI0023OOAD.fastq.gz
IGVFFI1893JOJB	raw	IGVFDS6282JZAK	C29;C37;C38;C39	0;1;5;7	reads	fastq	1792986300	7daa02c57681eb761f1fab4c077b1269	https://api.data.igvf.org/sequence-files/IGVFFI1893JOJB/@@download/IGVFFI1893JOJB.fastq.gz	s3://igvf-public/2025/02/04/8c874e08-8605-4d85-9863-87f87ba3e264/IGVFFI1893JOJB.fastq.gz
IGVFFI2836HZXX	raw	IGVFDS6282JZAK	C29;C37;C38;C39	0;1;5;7	reads	fastq	14379809971	5c85ab1b390344a1bb6d323beab3b909	https://api.data.igvf.org/sequence-files/IGVFFI2836HZXX/@@download/IGVFFI2836HZXX.fastq.gz	s3://igvf-public/2025/02/04/6051ca7e-f73a-44c5-ba8f-a3932f7a4754/IGVFFI2836HZXX.fastq.gz
IGVFFI4860ZCFN	raw	IGVFDS6282JZAK	C29;C37;C38;C39	0;1;5;7	reads	fastq	4428601067	d1ac642a1339d781dd3ad2985c2c32fb	https://api.data.igvf.org/sequence-files/IGVFFI4860ZCFN/@@download/IGVFFI4860ZCFN.fastq.gz	s3://igvf-public/2025/02/04/0d497324-db4c-49d7-ae6c-7684a832a5e8/IGVFFI4860ZCFN.fastq.gz
IGVFFI6145ZBTE	raw	IGVFDS6282JZAK	C29;C37;C38;C39	0;1;5;7	reads	fastq	1804573930	ba9386500b35dcd0284bc5494417df52	https://api.data.igvf.org/sequence-files/IGVFFI6145ZBTE/@@download/IGVFFI6145ZBTE.fastq.gz	s3://igvf-public/2025/02/04/c9a92c5a-becb-45ec-abf0-7d1cac9603e8/IGVFFI6145ZBTE.fastq.gz
IGVFFI7181YDRH	raw	IGVFDS6282JZAK	C29;C37;C38;C39	0;1;5;7	reads	fastq	13554106172	581f40f85035f1e5df966839b2d94ee6	https://api.data.igvf.org/sequence-files/IGVFFI7181YDRH/@@download/IGVFFI7181YDRH.fastq.gz	s3://igvf-public/2025/02/04/9ea25067-bb9c-4987-a462-a0e8586738b1/IGVFFI7181YDRH.fastq.gz
IGVFFI7332NZJQ	raw	IGVFDS6282JZAK	C29;C37;C38;C39	0;1;5;7	reads	fastq	13648643800	eee03a7b45c998dd5b140f4cbeb774db	https://api.data.igvf.org/sequence-files/IGVFFI7332NZJQ/@@download/IGVFFI7332NZJQ.fastq.gz	s3://igvf-public/2025/02/04/8c1b1307-8fc8-4692-b918-0c5be7b1bbaa/IGVFFI7332NZJQ.fastq.gz
IGVFFI9624KANK	raw	IGVFDS6282JZAK	C29;C37;C38;C39	0;1;5;7	reads	fastq	4396571851	ecbcaa1b4aaf39511d16e897bf7462e5	https://api.data.igvf.org/sequence-files/IGVFFI9624KANK/@@download/IGVFFI9624KANK.fastq.gz	s3://igvf-public/2025/02/04/101bf110-a2f2-42c6-9b9d-49499d6c3344/IGVFFI9624KANK.fastq.gz
IGVFFI0480POEZ	raw	IGVFDS6282JZAK	C29;C37;C38;C39	0;1;5;7	seqspec	yaml	1397	5ef129c9d446c49c75c364c85bf27212	https://api.data.igvf.org/configuration-files/IGVFFI0480POEZ/@@download/IGVFFI0480POEZ.yaml.gz	s3://igvf-public/2026/02/04/5bed0fa6-e162-46f0-93ca-e9e48df4b1a1/IGVFFI0480POEZ.yaml.gz
IGVFFI7584NQGA	raw	IGVFDS6282JZAK	C29;C37;C38;C39	0;1;5;7	seqspec	yaml	1398	465884eacde278be2e2946bc45e9bf3b	https://api.data.igvf.org/configuration-files/IGVFFI7584NQGA/@@download/IGVFFI7584NQGA.yaml.gz	s3://igvf-public/2026/02/04/63be6c6b-8e9d-4ca4-811e-da6c01a13e9d/IGVFFI7584NQGA.yaml.gz
IGVFFI7612DVIU	raw	IGVFDS6282JZAK	C29;C37;C38;C39	0;1;5;7	seqspec	yaml	1314	a404933d0446dd874cbb6bb5f886870d	https://api.data.igvf.org/configuration-files/IGVFFI7612DVIU/@@download/IGVFFI7612DVIU.yaml.gz	s3://igvf-public/2025/09/15/3c5ed69d-8baa-4b10-880b-d4aab2bf9800/IGVFFI7612DVIU.yaml.gz
IGVFFI8051LVYH	raw	IGVFDS6282JZAK	C29;C37;C38;C39	0;1;5;7	seqspec	yaml	1298	b9ea2da4c6e62fff40409bd8b66f3b34	https://api.data.igvf.org/configuration-files/IGVFFI8051LVYH/@@download/IGVFFI8051LVYH.yaml.gz	s3://igvf-public/2025/03/19/bcc32555-c2ff-4896-91f4-c9c8868e3ad3/IGVFFI8051LVYH.yaml.gz
IGVFFI9174SILI	raw	IGVFDS6282JZAK	C29;C37;C38;C39	0;1;5;7	seqspec	yaml	1297	ca33a2aa897bfa4e2b888b291f65c074	https://api.data.igvf.org/configuration-files/IGVFFI9174SILI/@@download/IGVFFI9174SILI.yaml.gz	s3://igvf-public/2025/03/19/1802b91e-e123-4a37-9c0c-f1bb44520553/IGVFFI9174SILI.yaml.gz
IGVFFI1896SUWY	raw	IGVFDS0328BSUV	C29;C37;C38;C39	12;14;16;18	reads	fastq	18366264036	de865c32ce38ab043aed83b59e76bb9c	https://api.data.igvf.org/sequence-files/IGVFFI1896SUWY/@@download/IGVFFI1896SUWY.fastq.gz	s3://igvf-public/2025/02/05/0b96af9a-c59e-4933-982b-a3d1cfc3c071/IGVFFI1896SUWY.fastq.gz
IGVFFI2732QRRN	raw	IGVFDS0328BSUV	C29;C37;C38;C39	12;14;16;18	reads	fastq	23030928235	ce68f196c360a8519868dad7323ac920	https://api.data.igvf.org/sequence-files/IGVFFI2732QRRN/@@download/IGVFFI2732QRRN.fastq.gz	s3://igvf-public/2025/02/05/ddaf655e-f897-4800-b9e2-4662896cadf7/IGVFFI2732QRRN.fastq.gz
IGVFFI0824PAXM	raw	IGVFDS0328BSUV	C29;C37;C38;C39	12;14;16;18	seqspec	yaml	1403	b6d09d7205c5b59b591c2912737b616f	https://api.data.igvf.org/configuration-files/IGVFFI0824PAXM/@@download/IGVFFI0824PAXM.yaml.gz	s3://igvf-public/2025/02/09/ca7035d0-001b-4946-b7c9-914bbf5d41b0/IGVFFI0824PAXM.yaml.gz
IGVFFI1075LQOC	raw	IGVFDS0328BSUV	C29;C37;C38;C39	12;14;16;18	seqspec	yaml	1246	75580213936c5cf632b333ba93c55061	https://api.data.igvf.org/configuration-files/IGVFFI1075LQOC/@@download/IGVFFI1075LQOC.yaml.gz	s3://igvf-public/2025/09/15/f709418a-150d-4fa2-89f0-8ec6a08ae422/IGVFFI1075LQOC.yaml.gz
IGVFFI0492NFOC	raw	IGVFDS8199DMOG	C29;C37;C38;C39	12;14;16;18	reads	fastq	14934139471	e329fad0aa8f7665de39b86280830268	https://api.data.igvf.org/sequence-files/IGVFFI0492NFOC/@@download/IGVFFI0492NFOC.fastq.gz	s3://igvf-public/2025/02/05/fa0ac39e-d546-49a7-8dbc-3db97b9f39d4/IGVFFI0492NFOC.fastq.gz
IGVFFI0962CEVL	raw	IGVFDS8199DMOG	C29;C37;C38;C39	12;14;16;18	reads	fastq	4870213300	5c4db50c1159dc2bb5c4a976cc70f824	https://api.data.igvf.org/sequence-files/IGVFFI0962CEVL/@@download/IGVFFI0962CEVL.fastq.gz	s3://igvf-public/2025/02/05/09039ce7-7bc3-4289-8f88-e925ab78be68/IGVFFI0962CEVL.fastq.gz
IGVFFI1289ALBY	raw	IGVFDS8199DMOG	C29;C37;C38;C39	12;14;16;18	reads	fastq	1952753404	4dd61f0a8f84a2295420452c488ea691	https://api.data.igvf.org/sequence-files/IGVFFI1289ALBY/@@download/IGVFFI1289ALBY.fastq.gz	s3://igvf-public/2025/02/05/e80aab70-cf68-4670-8e35-9b8bf359c776/IGVFFI1289ALBY.fastq.gz
IGVFFI2617GKED	raw	IGVFDS8199DMOG	C29;C37;C38;C39	12;14;16;18	reads	fastq	14180819690	0b40695beadf7a7f4993da72caf45798	https://api.data.igvf.org/sequence-files/IGVFFI2617GKED/@@download/IGVFFI2617GKED.fastq.gz	s3://igvf-public/2025/02/05/d59c8607-cd74-4187-9fac-723c244e7b7c/IGVFFI2617GKED.fastq.gz
IGVFFI4013ZBCA	raw	IGVFDS8199DMOG	C29;C37;C38;C39	12;14;16;18	reads	fastq	4669903535	a200b5ff64bf678fbecc7f469a2146bb	https://api.data.igvf.org/sequence-files/IGVFFI4013ZBCA/@@download/IGVFFI4013ZBCA.fastq.gz	s3://igvf-public/2025/02/05/e7fdca99-6bed-49a8-a002-c6ed30285ff2/IGVFFI4013ZBCA.fastq.gz
IGVFFI4902FINM	raw	IGVFDS8199DMOG	C29;C37;C38;C39	12;14;16;18	reads	fastq	1872322370	93a5959e68664caaa4e2a9366ce6efe5	https://api.data.igvf.org/sequence-files/IGVFFI4902FINM/@@download/IGVFFI4902FINM.fastq.gz	s3://igvf-public/2025/02/05/1b97909e-85a8-49e2-a955-136646f8b263/IGVFFI4902FINM.fastq.gz
IGVFFI5048JXPM	raw	IGVFDS8199DMOG	C29;C37;C38;C39	12;14;16;18	reads	fastq	15548811154	9b1d5e4e5f14412a919b2c4145fb9e09	https://api.data.igvf.org/sequence-files/IGVFFI5048JXPM/@@download/IGVFFI5048JXPM.fastq.gz	s3://igvf-public/2025/02/05/5028d6f5-80ab-4917-a5ae-a032c5bc898c/IGVFFI5048JXPM.fastq.gz
IGVFFI7522AZCI	raw	IGVFDS8199DMOG	C29;C37;C38;C39	12;14;16;18	reads	fastq	14816174119	ca276d75d65fb4a378e3473b08f8286b	https://api.data.igvf.org/sequence-files/IGVFFI7522AZCI/@@download/IGVFFI7522AZCI.fastq.gz	s3://igvf-public/2025/02/05/9b7fdff6-4037-4ce4-ae71-9ad74054f9b0/IGVFFI7522AZCI.fastq.gz
IGVFFI1173DHQW	raw	IGVFDS8199DMOG	C29;C37;C38;C39	12;14;16;18	seqspec	yaml	1296	615efae96f8edbeeb5ee6d814305500e	https://api.data.igvf.org/configuration-files/IGVFFI1173DHQW/@@download/IGVFFI1173DHQW.yaml.gz	s3://igvf-public/2025/03/19/7fa09d7c-4413-45bd-83d0-73933295ed72/IGVFFI1173DHQW.yaml.gz
IGVFFI4050XHXL	raw	IGVFDS8199DMOG	C29;C37;C38;C39	12;14;16;18	seqspec	yaml	1394	83a4e7eeb5edde169e37cfad78d8bba9	https://api.data.igvf.org/configuration-files/IGVFFI4050XHXL/@@download/IGVFFI4050XHXL.yaml.gz	s3://igvf-public/2026/02/04/89887977-28bf-4141-8336-35775a80967c/IGVFFI4050XHXL.yaml.gz
IGVFFI6326FLVR	raw	IGVFDS8199DMOG	C29;C37;C38;C39	12;14;16;18	seqspec	yaml	1396	46ba2627a9375d63ed832cbb86a818ba	https://api.data.igvf.org/configuration-files/IGVFFI6326FLVR/@@download/IGVFFI6326FLVR.yaml.gz	s3://igvf-public/2026/02/04/b572c932-5cd5-4bd2-a5e5-690630c41d7b/IGVFFI6326FLVR.yaml.gz
IGVFFI8543VVAI	raw	IGVFDS8199DMOG	C29;C37;C38;C39	12;14;16;18	seqspec	yaml	1310	9cb22a8a15d0a8732fecb677ef7b1b56	https://api.data.igvf.org/configuration-files/IGVFFI8543VVAI/@@download/IGVFFI8543VVAI.yaml.gz	s3://igvf-public/2025/09/15/026fb59c-4967-4590-859b-aff3e6a01eec/IGVFFI8543VVAI.yaml.gz
IGVFFI9230WIMI	raw	IGVFDS8199DMOG	C29;C37;C38;C39	12;14;16;18	seqspec	yaml	1295	c22df2cfc24308c1589105e1a34023f7	https://api.data.igvf.org/configuration-files/IGVFFI9230WIMI/@@download/IGVFFI9230WIMI.yaml.gz	s3://igvf-public/2025/03/19/dce8019f-ed3a-41b4-8dde-f000a05be56c/IGVFFI9230WIMI.yaml.gz
IGVFFI5088XYPT	raw	IGVFDS4458BDLN	C29;C37;C38;C39	1;3;5;7	reads	fastq	15483803892	aea2649f0647ac96b388cfc3d88737d1	https://api.data.igvf.org/sequence-files/IGVFFI5088XYPT/@@download/IGVFFI5088XYPT.fastq.gz	s3://igvf-public/2025/01/17/0bd92ca6-e60a-4664-92cb-53e24eb21be8/IGVFFI5088XYPT.fastq.gz
IGVFFI6488EUOP	raw	IGVFDS4458BDLN	C29;C37;C38;C39	1;3;5;7	reads	fastq	18732126413	206286de73621f350ef5cba1c45e3fae	https://api.data.igvf.org/sequence-files/IGVFFI6488EUOP/@@download/IGVFFI6488EUOP.fastq.gz	s3://igvf-public/2025/01/17/d98d9031-8037-43e4-87a0-7a65aa4f794d/IGVFFI6488EUOP.fastq.gz
IGVFFI3733EJEF	raw	IGVFDS4458BDLN	C29;C37;C38;C39	1;3;5;7	seqspec	yaml	1246	81ef8622af051b4e240a663555924b6b	https://api.data.igvf.org/configuration-files/IGVFFI3733EJEF/@@download/IGVFFI3733EJEF.yaml.gz	s3://igvf-public/2025/09/15/55005b2f-9681-44d7-b7f2-647ee289d1c7/IGVFFI3733EJEF.yaml.gz
IGVFFI4360TPNP	raw	IGVFDS4458BDLN	C29;C37;C38;C39	1;3;5;7	seqspec	yaml	1404	e4d687611f788076acea3e8cd6b822a6	https://api.data.igvf.org/configuration-files/IGVFFI4360TPNP/@@download/IGVFFI4360TPNP.yaml.gz	s3://igvf-public/2025/02/09/a663bc26-9400-4cda-80e0-c8684414e575/IGVFFI4360TPNP.yaml.gz
IGVFFI0202DLYT	raw	IGVFDS2231YIUR	C29;C37;C38;C39	1;3;5;7	reads	fastq	2029811833	03f314de840bd8c9a498d4334323a7f8	https://api.data.igvf.org/sequence-files/IGVFFI0202DLYT/@@download/IGVFFI0202DLYT.fastq.gz	s3://igvf-public/2025/02/04/f1441666-7f9a-4c35-b2d5-20d190a4eff0/IGVFFI0202DLYT.fastq.gz
IGVFFI3434AHJW	raw	IGVFDS2231YIUR	C29;C37;C38;C39	1;3;5;7	reads	fastq	4968292884	67a09fe55efcebe8f351916bb48e559c	https://api.data.igvf.org/sequence-files/IGVFFI3434AHJW/@@download/IGVFFI3434AHJW.fastq.gz	s3://igvf-public/2025/02/04/944e3e77-7756-47c3-910f-30186c6f43bb/IGVFFI3434AHJW.fastq.gz
IGVFFI6278SIAG	raw	IGVFDS2231YIUR	C29;C37;C38;C39	1;3;5;7	reads	fastq	4949058110	fd9f11428774249d2db5f9e4998cf413	https://api.data.igvf.org/sequence-files/IGVFFI6278SIAG/@@download/IGVFFI6278SIAG.fastq.gz	s3://igvf-public/2025/02/04/131278be-644a-4cc8-b8bd-29308f7591e3/IGVFFI6278SIAG.fastq.gz
IGVFFI6587CMPL	raw	IGVFDS2231YIUR	C29;C37;C38;C39	1;3;5;7	reads	fastq	15928415686	3b7a114bc8a0ca22919b9186d77a72c7	https://api.data.igvf.org/sequence-files/IGVFFI6587CMPL/@@download/IGVFFI6587CMPL.fastq.gz	s3://igvf-public/2025/02/04/1e8b7330-85e7-4d86-87c2-38419ded1799/IGVFFI6587CMPL.fastq.gz
IGVFFI7551FOVY	raw	IGVFDS2231YIUR	C29;C37;C38;C39	1;3;5;7	reads	fastq	15222749079	178da30a96818d3ecabd0475c63a5ac1	https://api.data.igvf.org/sequence-files/IGVFFI7551FOVY/@@download/IGVFFI7551FOVY.fastq.gz	s3://igvf-public/2025/02/04/4d1233d4-aa85-44fa-ae7b-2153b3e70c94/IGVFFI7551FOVY.fastq.gz
IGVFFI7843MNNG	raw	IGVFDS2231YIUR	C29;C37;C38;C39	1;3;5;7	reads	fastq	15271876245	559a1163d4e7c1dd9608ff8e0bb54fb8	https://api.data.igvf.org/sequence-files/IGVFFI7843MNNG/@@download/IGVFFI7843MNNG.fastq.gz	s3://igvf-public/2025/02/04/2ab316bf-f07c-47dd-a743-35b535dc7fe6/IGVFFI7843MNNG.fastq.gz
IGVFFI7916QZSQ	raw	IGVFDS2231YIUR	C29;C37;C38;C39	1;3;5;7	reads	fastq	16032062398	0ab33b630db190a0544ade79accf4fcd	https://api.data.igvf.org/sequence-files/IGVFFI7916QZSQ/@@download/IGVFFI7916QZSQ.fastq.gz	s3://igvf-public/2025/02/04/08b29354-7b98-4a2e-a4e2-ceb1c74af4e8/IGVFFI7916QZSQ.fastq.gz
IGVFFI9374VCCQ	raw	IGVFDS2231YIUR	C29;C37;C38;C39	1;3;5;7	reads	fastq	2023528229	938d2683cc283979882e2902ad9ba01a	https://api.data.igvf.org/sequence-files/IGVFFI9374VCCQ/@@download/IGVFFI9374VCCQ.fastq.gz	s3://igvf-public/2025/02/04/7e0d5b3c-7f94-4d5d-8694-7c0bd74a70dd/IGVFFI9374VCCQ.fastq.gz
IGVFFI2275TMOF	raw	IGVFDS2231YIUR	C29;C37;C38;C39	1;3;5;7	seqspec	yaml	1393	b305022d5b20290c1a2fe1b80a2ed14a	https://api.data.igvf.org/configuration-files/IGVFFI2275TMOF/@@download/IGVFFI2275TMOF.yaml.gz	s3://igvf-public/2026/02/04/8fb13e88-c375-4163-9ed3-50419db74432/IGVFFI2275TMOF.yaml.gz
IGVFFI3400UXVN	raw	IGVFDS2231YIUR	C29;C37;C38;C39	1;3;5;7	seqspec	yaml	1296	60ebf9c93ea5690a638fdcb9f67fd82b	https://api.data.igvf.org/configuration-files/IGVFFI3400UXVN/@@download/IGVFFI3400UXVN.yaml.gz	s3://igvf-public/2025/03/19/0f6478ff-6da9-4e2a-b18e-178ea1fa31d3/IGVFFI3400UXVN.yaml.gz
IGVFFI6891KYIR	raw	IGVFDS2231YIUR	C29;C37;C38;C39	1;3;5;7	seqspec	yaml	1396	77514611b605dfc875638562a2473c63	https://api.data.igvf.org/configuration-files/IGVFFI6891KYIR/@@download/IGVFFI6891KYIR.yaml.gz	s3://igvf-public/2026/02/04/4fd64c36-ac9e-4783-93d8-602fd2e16b86/IGVFFI6891KYIR.yaml.gz
IGVFFI7139OVSD	raw	IGVFDS2231YIUR	C29;C37;C38;C39	1;3;5;7	seqspec	yaml	1293	e405977142274279b5ee0657a0797974	https://api.data.igvf.org/configuration-files/IGVFFI7139OVSD/@@download/IGVFFI7139OVSD.yaml.gz	s3://igvf-public/2025/03/19/2eee67fa-8075-4382-b26c-e7e3885cee2a/IGVFFI7139OVSD.yaml.gz
IGVFFI8287KMGC	raw	IGVFDS2231YIUR	C29;C37;C38;C39	1;3;5;7	seqspec	yaml	1313	0eea55b135693aa10c3d6faf0a1e7257	https://api.data.igvf.org/configuration-files/IGVFFI8287KMGC/@@download/IGVFFI8287KMGC.yaml.gz	s3://igvf-public/2025/09/15/b5ce6f51-b534-4c40-844a-4d8fb2b62021/IGVFFI8287KMGC.yaml.gz
IGVFFI3161EUXN	raw	IGVFDS1744AXNS	C29;C37;C38;C39	0;3;5;7	reads	fastq	19848681051	636c8aaf5ad43eac2acebe626bf5b556	https://api.data.igvf.org/sequence-files/IGVFFI3161EUXN/@@download/IGVFFI3161EUXN.fastq.gz	s3://igvf-public/2025/01/17/3b3a1a33-514a-4804-9d07-5f29f58cad9c/IGVFFI3161EUXN.fastq.gz
IGVFFI8018SDAR	raw	IGVFDS1744AXNS	C29;C37;C38;C39	0;3;5;7	reads	fastq	16268712999	14e84323ad24572f6d4b17b6eea677cc	https://api.data.igvf.org/sequence-files/IGVFFI8018SDAR/@@download/IGVFFI8018SDAR.fastq.gz	s3://igvf-public/2025/01/17/a0152d60-a665-49c7-99a4-4595894ec8e2/IGVFFI8018SDAR.fastq.gz
IGVFFI2490MRVP	raw	IGVFDS1744AXNS	C29;C37;C38;C39	0;3;5;7	seqspec	yaml	1246	74a25b69ef790c73b2bf33ece3e8f0ce	https://api.data.igvf.org/configuration-files/IGVFFI2490MRVP/@@download/IGVFFI2490MRVP.yaml.gz	s3://igvf-public/2025/09/15/7e32c4ba-fb9c-4944-a133-be0b85d30c7c/IGVFFI2490MRVP.yaml.gz
IGVFFI9981OPIQ	raw	IGVFDS1744AXNS	C29;C37;C38;C39	0;3;5;7	seqspec	yaml	1404	5b1b28605fa693d232bd85788833de28	https://api.data.igvf.org/configuration-files/IGVFFI9981OPIQ/@@download/IGVFFI9981OPIQ.yaml.gz	s3://igvf-public/2025/02/09/37e01607-467d-4fb5-ba3e-ba082335fea4/IGVFFI9981OPIQ.yaml.gz
IGVFFI0047NGCL	raw	IGVFDS9237LVHW	C29;C37;C38;C39	0;3;5;7	reads	fastq	1908196717	8f2e73b16444ae842fdbbe72b741bcc2	https://api.data.igvf.org/sequence-files/IGVFFI0047NGCL/@@download/IGVFFI0047NGCL.fastq.gz	s3://igvf-public/2025/02/04/b6a3ee21-7a4b-4d5b-a1d3-b09b7437414b/IGVFFI0047NGCL.fastq.gz
IGVFFI0867SNGV	raw	IGVFDS9237LVHW	C29;C37;C38;C39	0;3;5;7	reads	fastq	1892982676	de33530eef4c29c3d7c5ab1e26358b3f	https://api.data.igvf.org/sequence-files/IGVFFI0867SNGV/@@download/IGVFFI0867SNGV.fastq.gz	s3://igvf-public/2025/02/04/38ce48a1-ce3a-4740-8418-bdb8617f9e7b/IGVFFI0867SNGV.fastq.gz
IGVFFI2608CJTH	raw	IGVFDS9237LVHW	C29;C37;C38;C39	0;3;5;7	reads	fastq	15542111975	5f8de13a32731730782df019fd6704c9	https://api.data.igvf.org/sequence-files/IGVFFI2608CJTH/@@download/IGVFFI2608CJTH.fastq.gz	s3://igvf-public/2025/02/04/518a7492-5001-48e1-b7ea-f54c7a3539f3/IGVFFI2608CJTH.fastq.gz
IGVFFI4759JYOX	raw	IGVFDS9237LVHW	C29;C37;C38;C39	0;3;5;7	reads	fastq	4772568308	b3965abaa744f075585de43a5a757b77	https://api.data.igvf.org/sequence-files/IGVFFI4759JYOX/@@download/IGVFFI4759JYOX.fastq.gz	s3://igvf-public/2025/02/04/b8fb6ea0-e149-42c8-86a8-692ea22bfece/IGVFFI4759JYOX.fastq.gz
IGVFFI5044EDIL	raw	IGVFDS9237LVHW	C29;C37;C38;C39	0;3;5;7	reads	fastq	14798707410	edeeba929de91b4a6fce825d99d4507c	https://api.data.igvf.org/sequence-files/IGVFFI5044EDIL/@@download/IGVFFI5044EDIL.fastq.gz	s3://igvf-public/2025/02/04/44523ea2-de62-49d2-9df2-1151ba0bc892/IGVFFI5044EDIL.fastq.gz
IGVFFI5352AVXZ	raw	IGVFDS9237LVHW	C29;C37;C38;C39	0;3;5;7	reads	fastq	14677667156	aa1689eb97947f5490652847c30368a8	https://api.data.igvf.org/sequence-files/IGVFFI5352AVXZ/@@download/IGVFFI5352AVXZ.fastq.gz	s3://igvf-public/2025/02/04/00d06d07-ff9d-4edd-8d76-22850fb11314/IGVFFI5352AVXZ.fastq.gz
IGVFFI9451AJIP	raw	IGVFDS9237LVHW	C29;C37;C38;C39	0;3;5;7	reads	fastq	4730629943	c4fcb94d288731f70f7a55ba4d92c7b3	https://api.data.igvf.org/sequence-files/IGVFFI9451AJIP/@@download/IGVFFI9451AJIP.fastq.gz	s3://igvf-public/2025/02/04/208bcda0-d7de-40cd-91d7-43fa810fa1d6/IGVFFI9451AJIP.fastq.gz
IGVFFI9815QLCA	raw	IGVFDS9237LVHW	C29;C37;C38;C39	0;3;5;7	reads	fastq	15366878774	f74300f8cbffc852f7b2ac53446f93f0	https://api.data.igvf.org/sequence-files/IGVFFI9815QLCA/@@download/IGVFFI9815QLCA.fastq.gz	s3://igvf-public/2025/02/04/0fd8bd48-cbf4-451a-9630-0c3c1f269ab2/IGVFFI9815QLCA.fastq.gz
IGVFFI0875DTJX	raw	IGVFDS9237LVHW	C29;C37;C38;C39	0;3;5;7	seqspec	yaml	1395	d8d4ce637f0653cddeaddeda320386cb	https://api.data.igvf.org/configuration-files/IGVFFI0875DTJX/@@download/IGVFFI0875DTJX.yaml.gz	s3://igvf-public/2026/02/04/9290d0e4-de9c-48b1-9cf5-da30d6589547/IGVFFI0875DTJX.yaml.gz
IGVFFI1770OLZQ	raw	IGVFDS9237LVHW	C29;C37;C38;C39	0;3;5;7	seqspec	yaml	1297	96107bfd5289933b8dc99ca8dd406794	https://api.data.igvf.org/configuration-files/IGVFFI1770OLZQ/@@download/IGVFFI1770OLZQ.yaml.gz	s3://igvf-public/2025/03/19/89c7e68a-1061-4d48-b88a-2e2ea52820d8/IGVFFI1770OLZQ.yaml.gz
IGVFFI1791MDED	raw	IGVFDS9237LVHW	C29;C37;C38;C39	0;3;5;7	seqspec	yaml	1396	86938ed4f81c58c19ab02c693b509cdd	https://api.data.igvf.org/configuration-files/IGVFFI1791MDED/@@download/IGVFFI1791MDED.yaml.gz	s3://igvf-public/2026/02/04/cb88ca78-f7ac-4b56-a496-66291158ba31/IGVFFI1791MDED.yaml.gz
IGVFFI9293LOYM	raw	IGVFDS9237LVHW	C29;C37;C38;C39	0;3;5;7	seqspec	yaml	1296	5c81a71917147969682a58082a67837a	https://api.data.igvf.org/configuration-files/IGVFFI9293LOYM/@@download/IGVFFI9293LOYM.yaml.gz	s3://igvf-public/2025/03/19/b6f998e6-7ea9-4534-b343-1a62fe8fcbba/IGVFFI9293LOYM.yaml.gz
IGVFFI9498GMDX	raw	IGVFDS9237LVHW	C29;C37;C38;C39	0;3;5;7	seqspec	yaml	1313	fad7bcb407e8da32a679a525b35a0dc4	https://api.data.igvf.org/configuration-files/IGVFFI9498GMDX/@@download/IGVFFI9498GMDX.yaml.gz	s3://igvf-public/2025/09/15/efa6e6dc-6293-4453-860a-b81a2a70b5b7/IGVFFI9498GMDX.yaml.gz
IGVFFI5964SMFR	raw	IGVFDS8285DFYN	C29;C37;C38;C39	9;12;14;16	reads	fastq	15542770528	23884c1a74627f176f0fdc2e7173c384	https://api.data.igvf.org/sequence-files/IGVFFI5964SMFR/@@download/IGVFFI5964SMFR.fastq.gz	s3://igvf-public/2025/02/05/424a7754-471d-475e-93f9-191dfc4c26ed/IGVFFI5964SMFR.fastq.gz
IGVFFI8239ATVW	raw	IGVFDS8285DFYN	C29;C37;C38;C39	9;12;14;16	reads	fastq	19090970984	ecc3fadac4821f0bb63042b6692387a5	https://api.data.igvf.org/sequence-files/IGVFFI8239ATVW/@@download/IGVFFI8239ATVW.fastq.gz	s3://igvf-public/2025/01/17/f91800bd-589c-4dd9-a974-26c1f8d7646b/IGVFFI8239ATVW.fastq.gz
IGVFFI2410EWQZ	raw	IGVFDS8285DFYN	C29;C37;C38;C39	9;12;14;16	seqspec	yaml	1404	c99404d00d0cfaabb741117eeb06fdf1	https://api.data.igvf.org/configuration-files/IGVFFI2410EWQZ/@@download/IGVFFI2410EWQZ.yaml.gz	s3://igvf-public/2025/02/09/f427fbaa-64a1-45a9-a903-01c59c5a2b91/IGVFFI2410EWQZ.yaml.gz
IGVFFI6368UTFF	raw	IGVFDS8285DFYN	C29;C37;C38;C39	9;12;14;16	seqspec	yaml	1246	ec9ed125b8c168fdd6088d9de7c10c69	https://api.data.igvf.org/configuration-files/IGVFFI6368UTFF/@@download/IGVFFI6368UTFF.yaml.gz	s3://igvf-public/2025/09/15/c6ac42a6-1153-4fba-986e-b5585276ed3c/IGVFFI6368UTFF.yaml.gz
IGVFFI0857YVTH	raw	IGVFDS3717ZQOY	C29;C37;C38;C39	9;12;14;16	reads	fastq	13496164519	2ada4a1f41e4834f881d0c6eb8e9627d	https://api.data.igvf.org/sequence-files/IGVFFI0857YVTH/@@download/IGVFFI0857YVTH.fastq.gz	s3://igvf-public/2025/02/04/2dfcbb90-0b64-4836-ba92-f4b8c85db851/IGVFFI0857YVTH.fastq.gz
IGVFFI4871USUJ	raw	IGVFDS3717ZQOY	C29;C37;C38;C39	9;12;14;16	reads	fastq	1914274190	29f3ff2321eb275ae27d260252d3e1ca	https://api.data.igvf.org/sequence-files/IGVFFI4871USUJ/@@download/IGVFFI4871USUJ.fastq.gz	s3://igvf-public/2025/02/04/f77706f4-d642-4464-8a7a-1db6d07dc706/IGVFFI4871USUJ.fastq.gz
IGVFFI6485AENI	raw	IGVFDS3717ZQOY	C29;C37;C38;C39	9;12;14;16	reads	fastq	1916707678	3376d6426a022966cf925d6fc7bff505	https://api.data.igvf.org/sequence-files/IGVFFI6485AENI/@@download/IGVFFI6485AENI.fastq.gz	s3://igvf-public/2025/02/04/8146e7a8-c989-45bb-966e-52786bbf3dbe/IGVFFI6485AENI.fastq.gz
IGVFFI6929GZGG	raw	IGVFDS3717ZQOY	C29;C37;C38;C39	9;12;14;16	reads	fastq	4170320566	ff5b150038a786f74b6f432a9b7f83f2	https://api.data.igvf.org/sequence-files/IGVFFI6929GZGG/@@download/IGVFFI6929GZGG.fastq.gz	s3://igvf-public/2025/02/04/463517c3-7064-4b62-a9ea-7e9248f3b6b3/IGVFFI6929GZGG.fastq.gz
IGVFFI7551DANQ	raw	IGVFDS3717ZQOY	C29;C37;C38;C39	9;12;14;16	reads	fastq	13452004160	b30858ea91ad967cb7fb7306cbe5fbe3	https://api.data.igvf.org/sequence-files/IGVFFI7551DANQ/@@download/IGVFFI7551DANQ.fastq.gz	s3://igvf-public/2025/02/04/919bfe59-32e1-46a7-ab7b-1d496c627368/IGVFFI7551DANQ.fastq.gz
IGVFFI7822RCIR	raw	IGVFDS3717ZQOY	C29;C37;C38;C39	9;12;14;16	reads	fastq	13436844612	cf8ba4c3beaf06c6d65cbddf968e59f7	https://api.data.igvf.org/sequence-files/IGVFFI7822RCIR/@@download/IGVFFI7822RCIR.fastq.gz	s3://igvf-public/2025/02/04/3fed0cc1-c188-4b53-9fec-8ef74fde7259/IGVFFI7822RCIR.fastq.gz
IGVFFI8557EBKC	raw	IGVFDS3717ZQOY	C29;C37;C38;C39	9;12;14;16	reads	fastq	4167622471	1950da3261e52d2f7790dff31e485030	https://api.data.igvf.org/sequence-files/IGVFFI8557EBKC/@@download/IGVFFI8557EBKC.fastq.gz	s3://igvf-public/2025/02/04/2ca54517-5d2c-4fe5-8a24-e81ab44a0268/IGVFFI8557EBKC.fastq.gz
IGVFFI9340XTLE	raw	IGVFDS3717ZQOY	C29;C37;C38;C39	9;12;14;16	reads	fastq	13471989344	3a21148151fa7af8f4bebf367ee2d8ea	https://api.data.igvf.org/sequence-files/IGVFFI9340XTLE/@@download/IGVFFI9340XTLE.fastq.gz	s3://igvf-public/2025/02/04/af940988-1345-4a99-8a55-9d641b9dcd9c/IGVFFI9340XTLE.fastq.gz
IGVFFI1372IPER	raw	IGVFDS3717ZQOY	C29;C37;C38;C39	9;12;14;16	seqspec	yaml	1309	3f3cbe97133804f39830539206d354f6	https://api.data.igvf.org/configuration-files/IGVFFI1372IPER/@@download/IGVFFI1372IPER.yaml.gz	s3://igvf-public/2025/09/15/d61a1720-192e-4f9f-9600-40bdb1183bfe/IGVFFI1372IPER.yaml.gz
IGVFFI1373OGTD	raw	IGVFDS3717ZQOY	C29;C37;C38;C39	9;12;14;16	seqspec	yaml	1390	c0e2d8dc040a240dfe59c2e37d1de665	https://api.data.igvf.org/configuration-files/IGVFFI1373OGTD/@@download/IGVFFI1373OGTD.yaml.gz	s3://igvf-public/2026/02/04/0dd24549-ad29-4311-945e-d8ebb0e7323d/IGVFFI1373OGTD.yaml.gz
IGVFFI2927UBIJ	raw	IGVFDS3717ZQOY	C29;C37;C38;C39	9;12;14;16	seqspec	yaml	1292	b04de086fcb6a145c591e91575b81075	https://api.data.igvf.org/configuration-files/IGVFFI2927UBIJ/@@download/IGVFFI2927UBIJ.yaml.gz	s3://igvf-public/2025/03/19/dbe70046-bd14-4151-adb0-0e03d8f282c2/IGVFFI2927UBIJ.yaml.gz
IGVFFI3681AXVO	raw	IGVFDS3717ZQOY	C29;C37;C38;C39	9;12;14;16	seqspec	yaml	1394	6f47321e4b0f7c44a09aeadde6827f41	https://api.data.igvf.org/configuration-files/IGVFFI3681AXVO/@@download/IGVFFI3681AXVO.yaml.gz	s3://igvf-public/2026/02/04/4e1c8032-71a7-497e-b33a-4b1db0516531/IGVFFI3681AXVO.yaml.gz
IGVFFI8722NPXL	raw	IGVFDS3717ZQOY	C29;C37;C38;C39	9;12;14;16	seqspec	yaml	1294	f36a03fdda31a6031dc85eb44728a3f4	https://api.data.igvf.org/configuration-files/IGVFFI8722NPXL/@@download/IGVFFI8722NPXL.yaml.gz	s3://igvf-public/2025/03/19/058d0d04-0fcd-44d7-9b7a-4eadfa0aa42c/IGVFFI8722NPXL.yaml.gz
IGVFFI1794ZOLC	raw	IGVFDS4662AALG	C29;C37;C38;C39	9;12;16;18	reads	fastq	13784011298	50dbdd3ad94e3bf3fd8bc97a17c4c851	https://api.data.igvf.org/sequence-files/IGVFFI1794ZOLC/@@download/IGVFFI1794ZOLC.fastq.gz	s3://igvf-public/2025/02/05/833c0838-60cc-4e00-a172-5f4cf01ba89d/IGVFFI1794ZOLC.fastq.gz
IGVFFI3654BKKV	raw	IGVFDS4662AALG	C29;C37;C38;C39	9;12;16;18	reads	fastq	17254864869	72188e04ec68f51a1045537a43aec928	https://api.data.igvf.org/sequence-files/IGVFFI3654BKKV/@@download/IGVFFI3654BKKV.fastq.gz	s3://igvf-public/2025/02/05/2cad3746-ba20-4068-a467-b7697d49a625/IGVFFI3654BKKV.fastq.gz
IGVFFI4187XTPJ	raw	IGVFDS4662AALG	C29;C37;C38;C39	9;12;16;18	seqspec	yaml	1246	0cb5f43ca387442678d77bb18dc0f160	https://api.data.igvf.org/configuration-files/IGVFFI4187XTPJ/@@download/IGVFFI4187XTPJ.yaml.gz	s3://igvf-public/2025/09/15/afdfe7d9-a7a7-49fa-9d53-07c6a1741ed4/IGVFFI4187XTPJ.yaml.gz
IGVFFI6261PKSN	raw	IGVFDS4662AALG	C29;C37;C38;C39	9;12;16;18	seqspec	yaml	1404	ecb136b34152e8240f3f8484c16ed168	https://api.data.igvf.org/configuration-files/IGVFFI6261PKSN/@@download/IGVFFI6261PKSN.yaml.gz	s3://igvf-public/2025/02/09/157b5bf2-de27-4bfd-9387-c288b4e4bf06/IGVFFI6261PKSN.yaml.gz
IGVFFI0240PCHE	raw	IGVFDS9564UMAZ	C29;C37;C38;C39	9;12;16;18	reads	fastq	19704039385	99a2c20f92dc2bd580a67c982ed6f0cf	https://api.data.igvf.org/sequence-files/IGVFFI0240PCHE/@@download/IGVFFI0240PCHE.fastq.gz	s3://igvf-public/2025/02/05/4a491f73-654c-4b63-a238-adffc1f8c536/IGVFFI0240PCHE.fastq.gz
IGVFFI1602AVUZ	raw	IGVFDS9564UMAZ	C29;C37;C38;C39	9;12;16;18	reads	fastq	20131478744	e14683bce1cc7fa9784accb188ccac2a	https://api.data.igvf.org/sequence-files/IGVFFI1602AVUZ/@@download/IGVFFI1602AVUZ.fastq.gz	s3://igvf-public/2025/02/05/f541c30a-c65a-4d2a-89df-8664b5d162cd/IGVFFI1602AVUZ.fastq.gz
IGVFFI3859FZXH	raw	IGVFDS9564UMAZ	C29;C37;C38;C39	9;12;16;18	reads	fastq	6104962201	1e5bf00362d46ad40b1a8d6ad2fa57d3	https://api.data.igvf.org/sequence-files/IGVFFI3859FZXH/@@download/IGVFFI3859FZXH.fastq.gz	s3://igvf-public/2025/02/05/a6b90306-696d-4950-a745-5792124ad86f/IGVFFI3859FZXH.fastq.gz
IGVFFI4136JOXA	raw	IGVFDS9564UMAZ	C29;C37;C38;C39	9;12;16;18	reads	fastq	6247218886	d5a2dffb3adffd69d6d720edf0b77807	https://api.data.igvf.org/sequence-files/IGVFFI4136JOXA/@@download/IGVFFI4136JOXA.fastq.gz	s3://igvf-public/2025/02/05/91e0756a-a871-421d-a009-aa148f86f638/IGVFFI4136JOXA.fastq.gz
IGVFFI5654NUAX	raw	IGVFDS9564UMAZ	C29;C37;C38;C39	9;12;16;18	reads	fastq	19257124035	cc10a5d5ff8780daf2c24553d3cdfbea	https://api.data.igvf.org/sequence-files/IGVFFI5654NUAX/@@download/IGVFFI5654NUAX.fastq.gz	s3://igvf-public/2025/02/05/8381dca6-e9b9-4860-9b75-fa48ee5844f0/IGVFFI5654NUAX.fastq.gz
IGVFFI6798QRYT	raw	IGVFDS9564UMAZ	C29;C37;C38;C39	9;12;16;18	reads	fastq	2533295307	e79899f655e2df52444661d52d56189e	https://api.data.igvf.org/sequence-files/IGVFFI6798QRYT/@@download/IGVFFI6798QRYT.fastq.gz	s3://igvf-public/2025/02/05/ce1f1a26-b274-4668-9e9c-f84830fb6ae7/IGVFFI6798QRYT.fastq.gz
IGVFFI7359ZLIK	raw	IGVFDS9564UMAZ	C29;C37;C38;C39	9;12;16;18	reads	fastq	18788167709	02649b46b8419e81a7009a60fb6053cf	https://api.data.igvf.org/sequence-files/IGVFFI7359ZLIK/@@download/IGVFFI7359ZLIK.fastq.gz	s3://igvf-public/2025/02/05/be1a6fb3-359f-4e5d-a57e-f56cd0807655/IGVFFI7359ZLIK.fastq.gz
IGVFFI8239GUAT	raw	IGVFDS9564UMAZ	C29;C37;C38;C39	9;12;16;18	reads	fastq	2477471451	cd270b56358d8342ac0a32ea84e3cc7a	https://api.data.igvf.org/sequence-files/IGVFFI8239GUAT/@@download/IGVFFI8239GUAT.fastq.gz	s3://igvf-public/2025/02/05/1baf056b-262c-4e73-8619-53b3490146d5/IGVFFI8239GUAT.fastq.gz
IGVFFI2102RLVI	raw	IGVFDS9564UMAZ	C29;C37;C38;C39	9;12;16;18	seqspec	yaml	1394	d86831d86becc2f2e9f29c64735fa0ea	https://api.data.igvf.org/configuration-files/IGVFFI2102RLVI/@@download/IGVFFI2102RLVI.yaml.gz	s3://igvf-public/2026/02/04/3af54d62-42b7-4a9d-b078-b18bf8b35e95/IGVFFI2102RLVI.yaml.gz
IGVFFI3167CEOJ	raw	IGVFDS9564UMAZ	C29;C37;C38;C39	9;12;16;18	seqspec	yaml	1295	84a3886bfbc59c54810d7e302150411e	https://api.data.igvf.org/configuration-files/IGVFFI3167CEOJ/@@download/IGVFFI3167CEOJ.yaml.gz	s3://igvf-public/2025/03/19/98b2b7c2-b610-461e-b85e-85e7769318b8/IGVFFI3167CEOJ.yaml.gz
IGVFFI4418ZXJU	raw	IGVFDS9564UMAZ	C29;C37;C38;C39	9;12;16;18	seqspec	yaml	1294	381fb2e37bb073e825240160b9eb3f37	https://api.data.igvf.org/configuration-files/IGVFFI4418ZXJU/@@download/IGVFFI4418ZXJU.yaml.gz	s3://igvf-public/2025/03/19/9ce515c8-d158-448d-842c-aec842c9ecf1/IGVFFI4418ZXJU.yaml.gz
IGVFFI6109YVCQ	raw	IGVFDS9564UMAZ	C29;C37;C38;C39	9;12;16;18	seqspec	yaml	1312	9a8bb84a3a0704bbfa14bfb5e551eec3	https://api.data.igvf.org/configuration-files/IGVFFI6109YVCQ/@@download/IGVFFI6109YVCQ.yaml.gz	s3://igvf-public/2025/09/15/749af45b-f36a-4a8b-bfce-652e1367e1d5/IGVFFI6109YVCQ.yaml.gz
IGVFFI7189IEMW	raw	IGVFDS9564UMAZ	C29;C37;C38;C39	9;12;16;18	seqspec	yaml	1397	80ecd085a1773eba4fe4a1d439bf4461	https://api.data.igvf.org/configuration-files/IGVFFI7189IEMW/@@download/IGVFFI7189IEMW.yaml.gz	s3://igvf-public/2026/02/04/c27aaffc-fd39-4527-8506-7dbb1fb57d11/IGVFFI7189IEMW.yaml.gz
IGVFFI0110EGKE	raw	IGVFDS3063GOYX	C29;C37;C38;C39	0;1;3;5	reads	fastq	17486872753	a7a078bf9777806d3f41f82a9581e0ba	https://api.data.igvf.org/sequence-files/IGVFFI0110EGKE/@@download/IGVFFI0110EGKE.fastq.gz	s3://igvf-public/2025/01/17/d78ac31c-28e7-4151-b8e9-83dc41e24f56/IGVFFI0110EGKE.fastq.gz
IGVFFI5441MLTR	raw	IGVFDS3063GOYX	C29;C37;C38;C39	0;1;3;5	reads	fastq	14292303247	a42e4ffbeab1a0de75431d38ab043dd9	https://api.data.igvf.org/sequence-files/IGVFFI5441MLTR/@@download/IGVFFI5441MLTR.fastq.gz	s3://igvf-public/2025/01/17/a47d992c-a4f1-429a-866e-0ad2235b29d3/IGVFFI5441MLTR.fastq.gz
IGVFFI8618YSSH	raw	IGVFDS3063GOYX	C29;C37;C38;C39	0;1;3;5	seqspec	yaml	1401	7ca6fdbc232bb4662367771fcef78ba5	https://api.data.igvf.org/configuration-files/IGVFFI8618YSSH/@@download/IGVFFI8618YSSH.yaml.gz	s3://igvf-public/2025/02/09/978755d4-df47-4f7b-b612-2c3914c12a4c/IGVFFI8618YSSH.yaml.gz
IGVFFI8820EXFG	raw	IGVFDS3063GOYX	C29;C37;C38;C39	0;1;3;5	seqspec	yaml	1244	9fbcc2e55e6f6056b1db5b44ec418d68	https://api.data.igvf.org/configuration-files/IGVFFI8820EXFG/@@download/IGVFFI8820EXFG.yaml.gz	s3://igvf-public/2025/09/15/ddbaee82-3dd5-4b34-a449-0108a23e425f/IGVFFI8820EXFG.yaml.gz
IGVFFI3348FEAV	raw	IGVFDS1459GLSU	C29;C37;C38;C39	0;1;3;5	reads	fastq	3690056605	e8eeb2bfb08f1736ca7945f448c8dee8	https://api.data.igvf.org/sequence-files/IGVFFI3348FEAV/@@download/IGVFFI3348FEAV.fastq.gz	s3://igvf-public/2025/02/04/720ec334-6f4a-4d56-94a7-31115c8cde0a/IGVFFI3348FEAV.fastq.gz
IGVFFI3589BHAD	raw	IGVFDS1459GLSU	C29;C37;C38;C39	0;1;3;5	reads	fastq	12154166247	2925003db56f775d7229579692077000	https://api.data.igvf.org/sequence-files/IGVFFI3589BHAD/@@download/IGVFFI3589BHAD.fastq.gz	s3://igvf-public/2025/02/04/6f370b7a-0cb0-4965-94f2-91aae5f3dbe4/IGVFFI3589BHAD.fastq.gz
IGVFFI3645OBLX	raw	IGVFDS1459GLSU	C29;C37;C38;C39	0;1;3;5	reads	fastq	11637181484	8d60367ff60c1d00e644ccf5eb9e358f	https://api.data.igvf.org/sequence-files/IGVFFI3645OBLX/@@download/IGVFFI3645OBLX.fastq.gz	s3://igvf-public/2025/02/04/219ac444-4209-4fdf-8645-80eb3cf078f0/IGVFFI3645OBLX.fastq.gz
IGVFFI4125CVCP	raw	IGVFDS1459GLSU	C29;C37;C38;C39	0;1;3;5	reads	fastq	1591879147	b6090aff491bdf35f08676e3a1a3c105	https://api.data.igvf.org/sequence-files/IGVFFI4125CVCP/@@download/IGVFFI4125CVCP.fastq.gz	s3://igvf-public/2025/02/04/742db23f-2aaa-4725-a580-91c1d1c7aaba/IGVFFI4125CVCP.fastq.gz
IGVFFI5187ELPT	raw	IGVFDS1459GLSU	C29;C37;C38;C39	0;1;3;5	reads	fastq	12069598509	fed1ddfa3971e93d7ceb207337bbe057	https://api.data.igvf.org/sequence-files/IGVFFI5187ELPT/@@download/IGVFFI5187ELPT.fastq.gz	s3://igvf-public/2025/02/04/c6ef5afd-96f3-4837-9733-32840582eedb/IGVFFI5187ELPT.fastq.gz
IGVFFI7693RSEM	raw	IGVFDS1459GLSU	C29;C37;C38;C39	0;1;3;5	reads	fastq	1582510613	60026e29cd1705e3abca6c07c678e89f	https://api.data.igvf.org/sequence-files/IGVFFI7693RSEM/@@download/IGVFFI7693RSEM.fastq.gz	s3://igvf-public/2024/11/15/a053dc16-8774-4732-8b56-8cf5646dad18/IGVFFI7693RSEM.fastq.gz
IGVFFI8322BHJU	raw	IGVFDS1459GLSU	C29;C37;C38;C39	0;1;3;5	reads	fastq	11593238291	d1314b48d07fbb882f7f416410308b5e	https://api.data.igvf.org/sequence-files/IGVFFI8322BHJU/@@download/IGVFFI8322BHJU.fastq.gz	s3://igvf-public/2025/02/05/c54fa309-834d-416d-a81f-197995b648be/IGVFFI8322BHJU.fastq.gz
IGVFFI9736RWYY	raw	IGVFDS1459GLSU	C29;C37;C38;C39	0;1;3;5	reads	fastq	3708462076	46a5886eb1c17821f6a4d60df0d29359	https://api.data.igvf.org/sequence-files/IGVFFI9736RWYY/@@download/IGVFFI9736RWYY.fastq.gz	s3://igvf-public/2025/02/04/bc4d7e40-e308-4079-8a79-51ca67e20f8f/IGVFFI9736RWYY.fastq.gz
IGVFFI1768KCMX	raw	IGVFDS1459GLSU	C29;C37;C38;C39	0;1;3;5	seqspec	yaml	1296	cfc7ad10e831ff286323fd272946024a	https://api.data.igvf.org/configuration-files/IGVFFI1768KCMX/@@download/IGVFFI1768KCMX.yaml.gz	s3://igvf-public/2025/03/19/e2666b8f-60b6-4db4-863c-1b5f5548072e/IGVFFI1768KCMX.yaml.gz
IGVFFI3172DSES	raw	IGVFDS1459GLSU	C29;C37;C38;C39	0;1;3;5	seqspec	yaml	1314	0dc8a73a92a7a2118abb591196fe490e	https://api.data.igvf.org/configuration-files/IGVFFI3172DSES/@@download/IGVFFI3172DSES.yaml.gz	s3://igvf-public/2025/09/15/df90fbe2-4939-404b-b1e6-cb6e137501d1/IGVFFI3172DSES.yaml.gz
IGVFFI3327CHTU	raw	IGVFDS1459GLSU	C29;C37;C38;C39	0;1;3;5	seqspec	yaml	1400	b2e62de81a03424f65d0433ca9d117d4	https://api.data.igvf.org/configuration-files/IGVFFI3327CHTU/@@download/IGVFFI3327CHTU.yaml.gz	s3://igvf-public/2026/02/04/19c4b6b1-9249-42ec-a9dd-f84afa71285d/IGVFFI3327CHTU.yaml.gz
IGVFFI3746CVGD	raw	IGVFDS1459GLSU	C29;C37;C38;C39	0;1;3;5	seqspec	yaml	1396	5e896190bce34ca36789c281f71e4093	https://api.data.igvf.org/configuration-files/IGVFFI3746CVGD/@@download/IGVFFI3746CVGD.yaml.gz	s3://igvf-public/2026/02/04/7b0c7432-fa5c-4203-95ea-ef5c016b9144/IGVFFI3746CVGD.yaml.gz
IGVFFI4250OFWO	raw	IGVFDS1459GLSU	C29;C37;C38;C39	0;1;3;5	seqspec	yaml	1295	30eca0b5ceeb82a4159d238ecb3237c3	https://api.data.igvf.org/configuration-files/IGVFFI4250OFWO/@@download/IGVFFI4250OFWO.yaml.gz	s3://igvf-public/2025/03/19/19ff0da5-8624-479e-a505-d8fd6dcbc327/IGVFFI4250OFWO.yaml.gz
IGVFFI2467WSER	raw	IGVFDS1157ISDS	C29;C37;C38;C39	0;1;3;7	reads	fastq	21508827036	39621f6ee1ec995fde17584bc693e610	https://api.data.igvf.org/sequence-files/IGVFFI2467WSER/@@download/IGVFFI2467WSER.fastq.gz	s3://igvf-public/2025/01/17/b0bafdd3-bfef-47ae-9f5d-2a3e8b458958/IGVFFI2467WSER.fastq.gz
IGVFFI9810BCAJ	raw	IGVFDS1157ISDS	C29;C37;C38;C39	0;1;3;7	reads	fastq	17518014166	dca3ca9922acddb5c4077c4ddbd47d89	https://api.data.igvf.org/sequence-files/IGVFFI9810BCAJ/@@download/IGVFFI9810BCAJ.fastq.gz	s3://igvf-public/2025/01/17/00408545-0070-4f0a-865b-e0f5ebcbf67f/IGVFFI9810BCAJ.fastq.gz
IGVFFI7236JLKU	raw	IGVFDS1157ISDS	C29;C37;C38;C39	0;1;3;7	seqspec	yaml	1243	d70c93ce4b6060eb9a766881fb8b6371	https://api.data.igvf.org/configuration-files/IGVFFI7236JLKU/@@download/IGVFFI7236JLKU.yaml.gz	s3://igvf-public/2025/09/15/88696b7a-adda-467d-828b-2936b7dbb3c9/IGVFFI7236JLKU.yaml.gz
IGVFFI8101TQYZ	raw	IGVFDS1157ISDS	C29;C37;C38;C39	0;1;3;7	seqspec	yaml	1398	1186b35e0b180b5076c1bc2d0006e236	https://api.data.igvf.org/configuration-files/IGVFFI8101TQYZ/@@download/IGVFFI8101TQYZ.yaml.gz	s3://igvf-public/2025/02/09/33e09a06-7ae5-4c84-9f26-ca03f8167717/IGVFFI8101TQYZ.yaml.gz
IGVFFI0197YGQK	raw	IGVFDS3441CZQC	C29;C37;C38;C39	0;1;3;7	reads	fastq	14042626769	b4feec675dc08e12f5360c4ab6f5728e	https://api.data.igvf.org/sequence-files/IGVFFI0197YGQK/@@download/IGVFFI0197YGQK.fastq.gz	s3://igvf-public/2025/02/04/c4fcf1ac-cfd7-44ed-9aa9-27b5a682b298/IGVFFI0197YGQK.fastq.gz
IGVFFI0643WRFX	raw	IGVFDS3441CZQC	C29;C37;C38;C39	0;1;3;7	reads	fastq	1960026077	06052d79f6ed039936b5b8ceafbb8243	https://api.data.igvf.org/sequence-files/IGVFFI0643WRFX/@@download/IGVFFI0643WRFX.fastq.gz	s3://igvf-public/2025/02/04/aa0e7e4c-a171-45fe-884c-ada7eb15e2b9/IGVFFI0643WRFX.fastq.gz
IGVFFI1348AFUY	raw	IGVFDS3441CZQC	C29;C37;C38;C39	0;1;3;7	reads	fastq	4598086327	63ae3a75c891aa0a97584a008ffe461a	https://api.data.igvf.org/sequence-files/IGVFFI1348AFUY/@@download/IGVFFI1348AFUY.fastq.gz	s3://igvf-public/2025/02/04/26367646-d409-436e-9550-cd1559d6b1c5/IGVFFI1348AFUY.fastq.gz
IGVFFI3928HUMA	raw	IGVFDS3441CZQC	C29;C37;C38;C39	0;1;3;7	reads	fastq	4547573439	564621934c769a1344d6affede38c60f	https://api.data.igvf.org/sequence-files/IGVFFI3928HUMA/@@download/IGVFFI3928HUMA.fastq.gz	s3://igvf-public/2025/02/04/599a1d7a-f0e8-4f3d-a81b-479cbd086d98/IGVFFI3928HUMA.fastq.gz
IGVFFI3968KNNB	raw	IGVFDS3441CZQC	C29;C37;C38;C39	0;1;3;7	reads	fastq	14192416785	c44bc73b98861f98010d5e99685e21da	https://api.data.igvf.org/sequence-files/IGVFFI3968KNNB/@@download/IGVFFI3968KNNB.fastq.gz	s3://igvf-public/2025/02/04/6221ff9c-8b81-4948-8fba-c84d633a8d77/IGVFFI3968KNNB.fastq.gz
IGVFFI4048IXSL	raw	IGVFDS3441CZQC	C29;C37;C38;C39	0;1;3;7	reads	fastq	14846873229	344d86bf086fe9b52236530d6d4e095a	https://api.data.igvf.org/sequence-files/IGVFFI4048IXSL/@@download/IGVFFI4048IXSL.fastq.gz	s3://igvf-public/2025/02/04/3a2214ea-ad50-4f33-be76-5a050c2875eb/IGVFFI4048IXSL.fastq.gz
IGVFFI7328QVDN	raw	IGVFDS3441CZQC	C29;C37;C38;C39	0;1;3;7	reads	fastq	14642928469	e8c132e83e9c2393d110a3750f77eebc	https://api.data.igvf.org/sequence-files/IGVFFI7328QVDN/@@download/IGVFFI7328QVDN.fastq.gz	s3://igvf-public/2025/02/04/4e243e46-f8df-42ee-88f1-44efc6701976/IGVFFI7328QVDN.fastq.gz
IGVFFI7881VOQF	raw	IGVFDS3441CZQC	C29;C37;C38;C39	0;1;3;7	reads	fastq	1982196487	46ec15331145da3297de1bdd99622d67	https://api.data.igvf.org/sequence-files/IGVFFI7881VOQF/@@download/IGVFFI7881VOQF.fastq.gz	s3://igvf-public/2025/02/04/b6a47411-e653-4e52-90a2-74fd173bcfa1/IGVFFI7881VOQF.fastq.gz
IGVFFI2455XYPU	raw	IGVFDS3441CZQC	C29;C37;C38;C39	0;1;3;7	seqspec	yaml	1292	a71b37211a55d5701775325f5490b16b	https://api.data.igvf.org/configuration-files/IGVFFI2455XYPU/@@download/IGVFFI2455XYPU.yaml.gz	s3://igvf-public/2025/03/19/556d8539-8161-4ba1-8555-66264eabb639/IGVFFI2455XYPU.yaml.gz
IGVFFI3025ZOBC	raw	IGVFDS3441CZQC	C29;C37;C38;C39	0;1;3;7	seqspec	yaml	1310	76e7bf2f9cfa931323d3205bccff4b36	https://api.data.igvf.org/configuration-files/IGVFFI3025ZOBC/@@download/IGVFFI3025ZOBC.yaml.gz	s3://igvf-public/2025/09/15/335dbb58-99a3-4d41-a0a6-99d05127c330/IGVFFI3025ZOBC.yaml.gz
IGVFFI4236HSDP	raw	IGVFDS3441CZQC	C29;C37;C38;C39	0;1;3;7	seqspec	yaml	1394	4e520a9a3e983ec589fec22ad6785322	https://api.data.igvf.org/configuration-files/IGVFFI4236HSDP/@@download/IGVFFI4236HSDP.yaml.gz	s3://igvf-public/2026/02/04/17e3b442-7634-4f3d-b931-16a9d63f8d97/IGVFFI4236HSDP.yaml.gz
IGVFFI5355QREU	raw	IGVFDS3441CZQC	C29;C37;C38;C39	0;1;3;7	seqspec	yaml	1391	a6ff0dc88f02a9e282ea259fef957ba7	https://api.data.igvf.org/configuration-files/IGVFFI5355QREU/@@download/IGVFFI5355QREU.yaml.gz	s3://igvf-public/2026/02/04/96ab01ad-e003-4c3b-887d-b1771558b772/IGVFFI5355QREU.yaml.gz
IGVFFI9493TGFB	raw	IGVFDS3441CZQC	C29;C37;C38;C39	0;1;3;7	seqspec	yaml	1292	b48da5cb8304592a004d7986cd9f3ede	https://api.data.igvf.org/configuration-files/IGVFFI9493TGFB/@@download/IGVFFI9493TGFB.yaml.gz	s3://igvf-public/2025/03/19/52357d99-f04f-4ec7-833f-c7d5dddbbc1d/IGVFFI9493TGFB.yaml.gz
